-- MySQL dump 10.13  Distrib 8.0.25, for Win64 (x86_64)
--
-- Host: localhost    Database: vk
-- ------------------------------------------------------
-- Server version	8.0.25

/*!40101 SET @OLD_CHARACTER_SET_CLIENT=@@CHARACTER_SET_CLIENT */;
/*!40101 SET @OLD_CHARACTER_SET_RESULTS=@@CHARACTER_SET_RESULTS */;
/*!40101 SET @OLD_COLLATION_CONNECTION=@@COLLATION_CONNECTION */;
/*!50503 SET NAMES utf8mb4 */;
/*!40103 SET @OLD_TIME_ZONE=@@TIME_ZONE */;
/*!40103 SET TIME_ZONE='+00:00' */;
/*!40014 SET @OLD_UNIQUE_CHECKS=@@UNIQUE_CHECKS, UNIQUE_CHECKS=0 */;
/*!40014 SET @OLD_FOREIGN_KEY_CHECKS=@@FOREIGN_KEY_CHECKS, FOREIGN_KEY_CHECKS=0 */;
/*!40101 SET @OLD_SQL_MODE=@@SQL_MODE, SQL_MODE='NO_AUTO_VALUE_ON_ZERO' */;
/*!40111 SET @OLD_SQL_NOTES=@@SQL_NOTES, SQL_NOTES=0 */;

--
-- Current Database: `vk`
--

CREATE DATABASE /*!32312 IF NOT EXISTS*/ `vk` /*!40100 DEFAULT CHARACTER SET utf8mb4 COLLATE utf8mb4_0900_ai_ci */ /*!80016 DEFAULT ENCRYPTION='N' */;

USE `vk`;

--
-- Table structure for table `black_list`
--

DROP TABLE IF EXISTS `black_list`;
/*!40101 SET @saved_cs_client     = @@character_set_client */;
/*!50503 SET character_set_client = utf8mb4 */;
CREATE TABLE `black_list` (
  `author_id` bigint unsigned NOT NULL,
  `banned_id` bigint unsigned NOT NULL,
  `banned` tinyint(1) DEFAULT '0',
  PRIMARY KEY (`author_id`,`banned_id`),
  KEY `author_idx` (`author_id`),
  KEY `banned_idx` (`banned_id`),
  CONSTRAINT `users_author_id` FOREIGN KEY (`author_id`) REFERENCES `users` (`id`),
  CONSTRAINT `users_banned_id` FOREIGN KEY (`banned_id`) REFERENCES `users` (`id`)
) ENGINE=InnoDB DEFAULT CHARSET=utf8mb4 COLLATE=utf8mb4_0900_ai_ci;
/*!40101 SET character_set_client = @saved_cs_client */;

--
-- Dumping data for table `black_list`
--

LOCK TABLES `black_list` WRITE;
/*!40000 ALTER TABLE `black_list` DISABLE KEYS */;
INSERT INTO `black_list` VALUES (1,1,0),(1,2,0),(2,1,0),(2,2,0);
/*!40000 ALTER TABLE `black_list` ENABLE KEYS */;
UNLOCK TABLES;

--
-- Table structure for table `communities`
--

DROP TABLE IF EXISTS `communities`;
/*!40101 SET @saved_cs_client     = @@character_set_client */;
/*!50503 SET character_set_client = utf8mb4 */;
CREATE TABLE `communities` (
  `id` bigint unsigned NOT NULL AUTO_INCREMENT,
  `name` varchar(150) NOT NULL,
  `description` varchar(255) DEFAULT NULL,
  `admin_id` bigint unsigned NOT NULL,
  PRIMARY KEY (`id`),
  UNIQUE KEY `id` (`id`),
  KEY `admin_id` (`admin_id`),
  CONSTRAINT `communities_ibfk_1` FOREIGN KEY (`admin_id`) REFERENCES `users` (`id`)
) ENGINE=InnoDB AUTO_INCREMENT=101 DEFAULT CHARSET=utf8mb4 COLLATE=utf8mb4_0900_ai_ci;
/*!40101 SET character_set_client = @saved_cs_client */;

--
-- Dumping data for table `communities`
--

LOCK TABLES `communities` WRITE;
/*!40000 ALTER TABLE `communities` DISABLE KEYS */;
INSERT INTO `communities` VALUES (1,'nulla','Est unde enim voluptatum quia cumque et sapiente. Laudantium cupiditate explicabo assumenda quas. Quia rerum quis et maxime. Vel alias aut quis alias quasi.',10),(2,'quas','Ex facilis eos rerum itaque qui. Enim explicabo quis deserunt est odit sit soluta. Maxime dicta doloribus odio accusantium. Ut nisi id sed vel laudantium voluptates suscipit.',56),(3,'harum','Nam magnam est atque sit natus asperiores ducimus qui. Qui quia doloribus laboriosam in atque magnam. Ab illum veritatis officiis unde voluptates vel alias.',12),(4,'ipsum','Occaecati velit necessitatibus aut. Dolorem aliquid qui debitis corrupti magnam. Quod adipisci rem porro nulla.',28),(5,'voluptas','Quis qui et aut quia maiores. Corporis dolor perferendis quo nobis quis sit dolor aut. A magni eum veniam consequatur enim officiis dolor. Distinctio explicabo quia corrupti nostrum quam ratione ea.',16),(6,'adipisci','Et animi excepturi eaque veniam ipsam. Suscipit accusantium aut voluptatem. Eos quo quo molestias laboriosam.',51),(7,'animi','Ea eum assumenda nihil. Et sunt modi voluptates praesentium. Natus minus in iste aut voluptas. Ex consequatur et qui unde enim. Quo beatae doloremque debitis eum quas ad.',20),(8,'dolores','Qui officiis quidem quam labore eius. Quisquam rerum dolores explicabo voluptatum quibusdam id. Maxime perspiciatis deleniti sunt tempore voluptas sapiente cupiditate facilis. Architecto voluptate asperiores dolorem aspernatur perspiciatis corpo',38),(9,'natus','Amet cum enim earum adipisci. Suscipit non cumque aspernatur amet repudiandae aut. Quia accusamus nobis ullam. Tempora atque ipsum quae provident qui.',3),(10,'sapiente','Deleniti facere vel dolorem error magni. Dolor laudantium nobis tempore. Corrupti hic consequuntur nesciunt fugit. Fugit sit debitis nemo sunt repellendus natus.',86),(11,'saepe','Veniam ipsum vel eum aliquid et neque provident. Quo doloremque dolores esse ad pariatur atque. Veniam distinctio reiciendis unde dolores deleniti.',41),(12,'porro','Sunt rerum officiis odio eos atque quibusdam et. Id et consequatur dolorem eum.',36),(13,'aperiam','In necessitatibus cum autem odit. Voluptatem enim voluptas laudantium aut facilis optio officiis. Natus quam in et sint laboriosam quis deleniti voluptas.',27),(14,'sed','Quasi voluptatem a quod officia mollitia voluptatem. Odit sequi doloribus accusantium maxime quae fugit sunt. Omnis voluptatem necessitatibus culpa eos dolores voluptatem corrupti. Nobis aut ab adipisci consequatur. Ipsa ut et eveniet sapiente i',18),(15,'voluptatem','A dolore libero fugit ipsa. Sed quidem ut praesentium doloribus.',50),(16,'quidem','Sed ea natus esse et libero debitis provident. Ipsa dolorem sint minima eum et maiores quibusdam laboriosam. Amet iusto sit velit dolore ut. Itaque nulla dolore ut.',56),(17,'est','Earum quia temporibus architecto. Cum quasi ut officiis omnis corrupti qui occaecati sed.',93),(18,'dignissimos','Dolores iste voluptas molestias qui ut dolorum. Ipsa omnis dicta magnam tenetur. Consequuntur quod qui qui ut. Quod reprehenderit ut earum corrupti.',90),(19,'fugiat','Voluptate nam et aut. Inventore temporibus velit fugiat voluptates dignissimos porro et dolores. Praesentium consequatur vel perspiciatis consequatur.',21),(20,'ut','Perferendis consequatur doloribus cupiditate vitae aut. Iure accusamus incidunt fugiat numquam velit sed. Nemo veniam voluptatibus id temporibus optio cum eligendi. Cum perspiciatis qui voluptatem non veniam et maiores consequatur. Vitae volupta',86),(21,'id','Et exercitationem et sit necessitatibus quae et sequi. Molestiae labore ut tempore eveniet aliquid ut. Eveniet sapiente quo cum rerum fugit nobis. Nemo dolore quia vero maxime occaecati et.',100),(22,'quas','Est sunt hic quo nisi autem recusandae dignissimos. Earum praesentium quis laborum beatae exercitationem. Quibusdam quo quos totam omnis.',26),(23,'et','Eaque ut rerum omnis nesciunt nesciunt amet. Eveniet qui soluta aliquam pariatur dolores quis. Maiores minus aut sed sapiente quia voluptate harum. Doloremque laborum perferendis repudiandae aliquid id.',84),(24,'odit','Doloribus in sit quia aperiam in laborum qui magnam. Dolorum quo assumenda porro velit architecto accusamus recusandae. Est dolore amet et excepturi blanditiis architecto.',59),(25,'alias','Voluptate mollitia deserunt voluptate. Incidunt omnis dolores beatae dolores. Deserunt autem cupiditate aut autem magnam minus. Praesentium et quia aspernatur.',67),(26,'tempore','Animi a deserunt inventore maxime ea et. Molestiae et id id iure est quaerat. Aut architecto repellendus quam minima soluta animi earum expedita.',12),(27,'voluptatem','Quis non tenetur nihil consequatur ex repudiandae. Maiores nihil exercitationem suscipit temporibus laudantium a recusandae perspiciatis. Ut nihil incidunt alias natus ut. Nam enim atque placeat nisi et natus dolore.',81),(28,'nihil','Doloremque quos molestiae consequatur incidunt. Consequuntur velit qui veniam maxime. Eos rem incidunt dolorem reiciendis repellendus. Eligendi sed deserunt vero consequatur consequuntur hic dolor.',48),(29,'neque','Laudantium exercitationem reprehenderit porro sequi illum libero magni. Est corporis fugit ea omnis dignissimos dicta dolorem. Accusamus ex saepe aut. Itaque recusandae vel odit suscipit inventore.',3),(30,'et','Perspiciatis repellendus placeat pariatur maiores. Beatae nemo quidem id quae id harum. Voluptatem error est tenetur aperiam laudantium deserunt. Repellendus qui totam molestiae a.',1),(31,'est','Maxime sit eum et et. Suscipit consequatur consectetur quod provident consequatur voluptatem. Ratione qui dignissimos tenetur culpa ipsum debitis beatae. Sequi nemo deserunt facere expedita qui sunt sed.',48),(32,'ut','Dolores ut est quae molestiae maxime quia. Dolore rerum enim sequi officia suscipit non et. Velit vel quasi atque velit dolor et sunt.',12),(33,'quis','Ad iste doloremque consequuntur placeat in eum illo. Consequatur aut nesciunt tempora autem est reiciendis. Quo nemo minima eius ab et sunt non. Aut quae aperiam quia aut.',56),(34,'vel','Architecto laborum optio dolor quis. Aut est dicta cum autem doloremque nesciunt. Repudiandae nostrum commodi non adipisci delectus repellat placeat.',59),(35,'molestiae','Harum consequatur ipsa excepturi sequi. Animi autem eum voluptates esse occaecati autem consequuntur. Minus dolore consequatur pariatur consectetur aut soluta et saepe.',40),(36,'eius','Aperiam illo velit sint. Earum commodi ex ut doloremque. Adipisci nihil eaque recusandae. Facilis rerum inventore doloremque quasi eos saepe amet.',72),(37,'porro','Mollitia quos qui modi cum. Eum odio ut et explicabo earum labore quis. Totam dolor voluptas quia. Sint laboriosam tenetur id libero. Laudantium sequi enim quibusdam aut vero.',10),(38,'et','Ipsum ipsa quo minima sint impedit rerum. Et est architecto et qui tempora. Quo blanditiis ut ipsam aut fuga. Rerum id quam adipisci minima placeat. Ratione necessitatibus voluptatem eum sint amet qui enim.',59),(39,'inventore','Sed molestias quas molestiae qui dolorum. Voluptatibus dolorem eos ipsa optio quos. Eos sunt nesciunt odio quam dolorem. Deleniti nihil placeat cum laboriosam est dolorum.',9),(40,'nemo','Et minus laudantium debitis voluptas iure consectetur. Ipsum occaecati excepturi velit id eos. Et sint voluptas ut nam.',12),(41,'sit','Itaque cumque aperiam quos quia nesciunt. Ex iusto iure at rerum quos.',45),(42,'odio','Sapiente sunt dolores nam ea dolorum. Id odio facilis ut dolor magnam et. Quia sint magni doloremque facilis voluptatem rem. Architecto facilis nisi fugit quo sed. Ea sit impedit labore atque dolores eveniet fuga earum.',49),(43,'sint','Aspernatur quia totam nostrum sequi commodi cupiditate deleniti voluptas. In id rerum modi consequatur sequi velit. Incidunt ut ut aspernatur voluptas ut.',47),(44,'rerum','Sed exercitationem et sunt sit expedita et voluptatem qui. Non ut est et minus nihil. Aliquid nihil dolores nihil culpa consequuntur. Doloremque est fugiat tempora tempore.',71),(45,'nulla','Maxime eaque architecto nihil quo ipsam. Deserunt perferendis aliquid ut quia et. Doloribus ut explicabo sed sed eius. Quisquam non voluptas optio repudiandae necessitatibus pariatur.',67),(46,'impedit','Dolor aut sequi error quisquam illo ipsam. Eligendi qui omnis eligendi qui sequi. Molestiae similique suscipit nihil delectus quisquam accusamus.',97),(47,'quis','Molestiae autem molestias esse animi fuga. Est adipisci et nesciunt fuga. Delectus ullam qui reiciendis non consequatur. Omnis quia nostrum occaecati et laborum sed corrupti molestiae.',27),(48,'ut','Voluptates harum nostrum accusamus. Vero sed ullam mollitia mollitia. Consequatur est quisquam autem sed. Aliquam et nesciunt totam eum. Molestias quas corrupti excepturi sint.',59),(49,'quia','Doloribus aliquam optio vel et fuga. Ea omnis cum porro. Sit temporibus vero doloremque voluptas laudantium dolorem et. Sed sint nostrum mollitia architecto non.',86),(50,'sed','Dolore aut eos consequatur nostrum veniam eos rerum qui. Nostrum consectetur veritatis qui consequatur omnis omnis harum. Neque sequi illo natus placeat molestiae et et. Fugiat consequatur molestiae similique explicabo.',48),(51,'sit','Ut nulla inventore autem ut. Repellat assumenda beatae et dignissimos eius nihil vel. Beatae autem quas quis et.',44),(52,'omnis','A fugit vitae ipsum id. Aut vero aut est a rerum cupiditate. Dicta ab possimus iusto dolor. Ex odio iste perspiciatis voluptate nulla repellat qui officia.',86),(53,'aut','Dicta omnis mollitia dicta qui. Sint illo omnis provident eaque eveniet dignissimos expedita. Vitae officia in exercitationem quasi quia ut. Eos ea veniam maiores.',73),(54,'autem','Enim aut non sit aut nihil temporibus. At tenetur est et et. Ex facere iste qui aspernatur. Nulla amet autem modi quasi.',28),(55,'quia','Voluptatem aspernatur doloremque eaque. Nihil voluptate quia qui nostrum odit sunt. Perferendis sint eius dignissimos aut quam fugiat dicta. Quia quisquam doloribus et doloremque.',44),(56,'in','Pariatur rerum quia et enim quia dolorum. Quis voluptatem quidem ducimus labore vero porro eligendi. Eaque veniam voluptatem et similique qui est eum. Et vel vel alias debitis tempore.',40),(57,'eveniet','Recusandae doloremque fugiat fugit quo reiciendis ut dolorem. Saepe possimus est eum sit minima necessitatibus dolorem. Nam ea ut totam voluptas pariatur maxime iusto. Aspernatur nihil sed atque laboriosam nihil maxime iure.',40),(58,'incidunt','Commodi ullam incidunt veniam quisquam qui in quia. Fuga quo illo ea aliquam veniam eos omnis.',25),(59,'deleniti','Sit dignissimos repellendus aliquam nemo optio rerum culpa. Quidem sunt occaecati fugit. Consequatur non praesentium aliquam voluptatem rerum illo magnam earum. Voluptatum et qui delectus aut unde eius amet non.',88),(60,'numquam','Impedit quis ab nam et. Voluptas earum incidunt perspiciatis tempora aperiam. Et magni quas alias porro distinctio voluptatem. Vitae vitae dolores quas illo numquam.',42),(61,'enim','Omnis aperiam in quis ea. Repellat ab itaque consectetur dolorum ut est numquam. Suscipit et porro molestias enim placeat est id cupiditate.',25),(62,'et','Maxime laborum repellat distinctio rerum maiores deserunt sunt. Assumenda aliquid ut quos ut deleniti aliquam est quia. Magnam assumenda sapiente praesentium et neque rerum. Nemo tempore non ab at consequuntur exercitationem aut.',35),(63,'est','Ut dolor nobis quis modi velit sit natus. Id dolore a voluptas velit est in magni veritatis. Reiciendis eum unde voluptatibus non et.',54),(64,'vel','Voluptates iste quas eum eius sapiente. Eos est necessitatibus non exercitationem. Adipisci cum cupiditate voluptates neque iusto aut.',81),(65,'corrupti','Aut similique illo quae optio ut omnis. Qui neque excepturi quo totam quasi dolorem. Consequatur et praesentium est.',93),(66,'quo','Vel asperiores culpa enim error fugiat qui dolorum. Deleniti aspernatur nesciunt labore omnis beatae quam.',93),(67,'quos','Incidunt ex officiis optio omnis. Nam sit omnis quis non. Voluptatem vel officia recusandae. Et architecto quia odit quae eos maxime.',52),(68,'sed','Labore non alias omnis aut nihil facere eaque. Dignissimos et doloribus et. Officia assumenda animi ipsa illo tenetur. Commodi perferendis nihil iusto est.',2),(69,'veritatis','Facere quia magnam at qui laboriosam. Quo aut nam voluptas. Minima vel exercitationem similique nostrum. Sed et veniam quisquam eos et.',52),(70,'dolores','Aut voluptatibus voluptates eum aut harum nulla. Harum pariatur aperiam ex aspernatur. Reiciendis eveniet repellat iure nesciunt nam ut. Soluta quos omnis vero distinctio quia.',61),(71,'unde','Quis voluptate a tenetur ut dolor. Atque dignissimos debitis reiciendis ut temporibus alias.',14),(72,'perspiciatis','Perspiciatis quis accusantium eum asperiores vel consequatur consectetur. Facilis tenetur reiciendis ipsam cum aut sint. Quia qui sunt dolores magnam atque et. Animi similique voluptatem reiciendis hic deserunt et id.',96),(73,'autem','Saepe nesciunt dolor quidem sit excepturi. Ipsa delectus ut non nisi. Occaecati explicabo accusantium et consequuntur.',9),(74,'velit','Eligendi deleniti reiciendis veniam aut. Officiis id veniam sapiente illum sunt esse nulla voluptatem. Aut consequatur ipsa cumque officia iure nobis fugit.',61),(75,'ex','Alias sed sunt et in libero quod ratione. Voluptatem amet omnis consectetur dolorum est delectus tempore. Odio adipisci qui neque aut et unde fugit.',67),(76,'ut','Sit deleniti recusandae libero rerum omnis. Autem illum quam voluptas cupiditate libero. Eos molestiae dolor adipisci officiis.',76),(77,'non','Et in et hic omnis aut ad odio est. Culpa neque in animi qui quaerat ut. Fugit vel omnis id sunt aliquid.',57),(78,'rerum','Accusantium recusandae commodi itaque est laudantium. In rem inventore veniam et aut.',93),(79,'tempore','Saepe tempora ad commodi nihil adipisci labore quia. Commodi similique velit ea. Consectetur quo qui dicta sapiente officiis. Aspernatur ipsa sit tenetur voluptatem nulla.',34),(80,'reiciendis','Animi sunt laudantium consequuntur voluptate ad voluptatem autem. Nisi magnam quo explicabo ex. Occaecati quod sapiente eveniet optio ad. Officia a unde enim eaque enim.',43),(81,'enim','Repellat velit nesciunt cumque unde laborum recusandae quis. Quos qui dolores ad aliquid velit. Vel rerum necessitatibus voluptatem autem est dolores.',40),(82,'mollitia','Id magnam nam et voluptas modi aut nisi. Deserunt odio totam architecto nihil aut et. Illum incidunt quia tempora sit a. Et ipsam sunt culpa quo voluptatem corrupti.',78),(83,'quis','Culpa et ducimus nam a. Rerum optio atque assumenda occaecati explicabo pariatur dolor. Aliquam modi mollitia incidunt sed animi assumenda. Rerum qui nisi esse.',28),(84,'ducimus','Deleniti libero veritatis tempora suscipit dolores fugiat. Neque illo molestiae distinctio nam at dolorum velit impedit. Laborum ducimus et dolores velit. Aliquid molestias neque tenetur placeat.',13),(85,'amet','Et fuga iste sit cupiditate. Voluptas saepe ut provident dolore. Iure quae placeat pariatur aut dicta. Consectetur assumenda sunt aperiam iusto qui.',6),(86,'aliquam','Rerum vero nisi esse sit aperiam. Nostrum eos reiciendis quo neque saepe eos est voluptatem. Praesentium sed omnis impedit natus dolore delectus eos quis.',72),(87,'aut','Nulla beatae aut iste quae. Quo soluta neque dicta consequatur. Ex soluta nobis ut commodi. Ea sed voluptatem nulla officiis mollitia cum.',53),(88,'beatae','Doloremque saepe temporibus et libero est qui dolore. Eum aut labore nisi quaerat similique unde eos. Quo libero nostrum odio corporis repudiandae natus quae praesentium. Iste voluptatem autem cumque sit.',45),(89,'autem','Cum voluptatem dolorem error autem reprehenderit. Consequuntur quibusdam ut provident. Similique quia sint enim voluptate. Amet sint animi reiciendis veniam. Qui a et non quod quaerat qui.',96),(90,'ducimus','Deserunt deserunt animi quia nulla esse corporis natus. Sed repellat officia nostrum qui adipisci at tenetur. Ab aliquam omnis omnis sit accusantium. Architecto repellat eveniet odit quod mollitia quidem perferendis.',40),(91,'reiciendis','Quos mollitia optio veniam et odio qui rerum. Consequuntur culpa saepe dolor quia quisquam magni suscipit. Aliquid itaque sint et aut est. Fugit id nulla qui.',87),(92,'doloribus','Magnam mollitia aliquam consectetur eligendi. Ea et facilis porro laboriosam consectetur maxime reiciendis. Distinctio et eius voluptatibus est iste mollitia quo.',21),(93,'ex','Mollitia repellendus amet et suscipit repudiandae ut dolorem dolores. Voluptatem odio officia quo quis debitis eaque odit.',75),(94,'et','Magnam maxime aspernatur ratione ut. Temporibus tempora sint doloremque possimus aperiam quaerat sed. Fuga qui illum ipsa ut.',40),(95,'vel','Labore aut maiores culpa repellat voluptatibus iusto impedit. Odio unde in voluptas officiis iste minima. Tempore necessitatibus suscipit illum exercitationem quia in. Ducimus tempore quaerat illo dolores.',1),(96,'ipsum','Iusto qui omnis nulla recusandae error quam eos. Ut ad hic minus perspiciatis reiciendis natus. Distinctio dolor iure alias ea qui sunt et ut. Asperiores quae voluptatem minima optio sed qui adipisci.',67),(97,'mollitia','Iure voluptatem ratione corporis. Dolorem ut nemo consequatur libero. Totam provident accusamus earum aut aperiam itaque quisquam velit. Officiis nemo doloremque et sed omnis nobis.',33),(98,'et','Laudantium sit dolores tempora odio odio. Ut asperiores velit vero ipsam mollitia autem. Laudantium dolor architecto rem.',53),(99,'dignissimos','Optio voluptatibus vero autem libero voluptatem veniam nihil vitae. Sunt non vel est rerum molestias ut. Mollitia laboriosam qui culpa recusandae minus ducimus ratione.',69),(100,'dolore','Distinctio aut nihil architecto perspiciatis. Id enim aut culpa aut laborum distinctio tempore. Illum cum quia et non consequuntur.',85);
/*!40000 ALTER TABLE `communities` ENABLE KEYS */;
UNLOCK TABLES;

--
-- Table structure for table `communities_users`
--

DROP TABLE IF EXISTS `communities_users`;
/*!40101 SET @saved_cs_client     = @@character_set_client */;
/*!50503 SET character_set_client = utf8mb4 */;
CREATE TABLE `communities_users` (
  `community_id` bigint unsigned NOT NULL,
  `user_id` bigint unsigned NOT NULL,
  `created_at` datetime NOT NULL DEFAULT CURRENT_TIMESTAMP,
  PRIMARY KEY (`community_id`,`user_id`),
  KEY `communities_users_comm_idx` (`community_id`),
  KEY `communities_users_users_idx` (`user_id`),
  CONSTRAINT `fk_communities_users_comm` FOREIGN KEY (`community_id`) REFERENCES `communities` (`id`),
  CONSTRAINT `fk_communities_users_users` FOREIGN KEY (`user_id`) REFERENCES `users` (`id`)
) ENGINE=InnoDB DEFAULT CHARSET=utf8mb4 COLLATE=utf8mb4_unicode_ci;
/*!40101 SET character_set_client = @saved_cs_client */;

--
-- Dumping data for table `communities_users`
--

LOCK TABLES `communities_users` WRITE;
/*!40000 ALTER TABLE `communities_users` DISABLE KEYS */;
INSERT INTO `communities_users` VALUES (1,39,'1995-01-07 12:08:34'),(2,32,'1970-02-15 17:23:04'),(2,96,'1981-06-08 11:20:24'),(3,11,'1976-01-01 23:38:58'),(7,40,'1990-04-02 02:08:30'),(8,32,'2018-12-28 17:25:22'),(8,35,'2006-11-24 06:11:12'),(8,100,'1984-07-25 03:43:45'),(9,22,'1982-12-19 15:12:39'),(10,18,'1979-12-31 16:07:43'),(11,7,'2013-07-21 04:32:45'),(11,23,'1983-01-16 02:07:46'),(15,55,'1972-09-13 16:09:14'),(15,60,'1979-10-26 14:27:11'),(17,23,'1975-06-25 00:59:03'),(18,22,'2007-05-13 10:43:12'),(20,23,'1973-03-30 06:06:18'),(20,95,'2010-04-28 04:54:06'),(25,19,'2000-05-03 15:06:57'),(26,67,'2017-11-30 01:53:26'),(27,2,'2008-09-30 14:20:32'),(27,74,'1971-10-04 08:34:28'),(29,10,'2010-03-29 16:36:57'),(31,25,'1979-12-12 05:55:34'),(31,80,'1990-01-23 01:11:23'),(32,74,'1981-04-14 06:08:47'),(33,54,'1981-05-29 08:13:03'),(38,48,'2011-08-30 10:33:24'),(38,91,'2016-11-12 05:31:46'),(39,51,'1996-10-10 08:23:19'),(40,50,'2011-02-17 11:25:59'),(40,83,'2018-10-23 04:41:32'),(41,14,'1989-04-16 03:11:33'),(41,23,'1994-05-06 07:32:13'),(41,73,'2003-06-10 05:01:12'),(42,48,'2020-09-13 16:34:58'),(43,19,'2014-11-29 13:36:47'),(43,41,'1985-06-28 13:49:15'),(43,42,'1981-12-10 11:34:42'),(43,80,'1981-06-12 19:43:09'),(44,89,'1990-10-23 11:27:21'),(45,16,'2005-08-26 13:57:04'),(45,79,'2010-09-12 14:03:12'),(46,81,'1981-03-06 18:21:41'),(46,96,'1977-12-29 15:46:30'),(47,88,'1987-12-18 20:55:47'),(48,60,'2007-02-19 10:55:06'),(53,36,'1987-01-30 03:11:07'),(53,59,'1985-05-25 13:01:31'),(53,64,'1993-08-10 14:53:24'),(54,19,'1999-10-19 19:58:24'),(54,82,'1996-03-28 07:47:50'),(55,88,'1986-12-08 16:26:24'),(57,38,'1991-04-19 06:57:46'),(58,3,'2002-05-29 13:35:40'),(58,24,'1972-06-12 00:58:38'),(61,73,'2007-11-15 23:51:26'),(63,35,'2010-07-05 19:03:33'),(64,12,'2019-10-02 05:41:15'),(65,44,'1972-02-12 02:56:07'),(65,90,'1976-08-21 03:15:39'),(65,94,'2003-04-03 21:55:30'),(66,59,'1980-05-16 06:09:24'),(66,93,'1974-07-25 09:14:04'),(68,58,'2007-03-30 20:56:44'),(70,71,'2007-12-30 18:19:08'),(70,98,'1989-12-13 01:48:49'),(72,54,'1986-11-27 20:33:06'),(72,95,'1999-02-01 11:26:22'),(73,26,'2016-01-06 18:17:43'),(74,7,'1971-12-02 04:29:33'),(75,81,'1981-01-27 20:56:33'),(76,1,'2017-08-14 15:20:49'),(77,24,'1985-03-02 12:06:47'),(77,99,'1974-02-13 16:14:47'),(78,60,'1985-09-27 02:59:20'),(78,61,'1992-10-04 09:08:59'),(79,65,'1990-01-31 06:59:13'),(80,64,'1985-10-21 16:13:50'),(82,43,'2019-05-07 20:36:06'),(82,61,'1996-10-21 08:59:15'),(82,95,'1976-04-13 04:26:46'),(83,3,'1988-04-14 02:22:16'),(83,19,'1971-10-04 19:13:24'),(83,44,'2008-03-30 08:56:18'),(86,84,'1979-02-22 13:02:18'),(86,98,'1979-04-04 20:29:57'),(88,76,'1996-08-27 23:08:34'),(88,78,'1970-05-12 07:44:35'),(88,86,'1977-11-22 22:59:49'),(89,90,'2013-07-17 11:43:39'),(90,61,'2007-08-04 21:17:16'),(92,35,'2017-08-17 08:29:28'),(95,46,'2008-03-02 06:02:55'),(96,98,'2007-11-09 12:35:05'),(97,47,'1998-01-06 12:18:35'),(98,27,'2015-02-01 03:15:10'),(99,32,'2003-06-01 19:39:30'),(99,62,'2002-03-03 15:42:33'),(100,84,'1984-05-06 18:32:12');
/*!40000 ALTER TABLE `communities_users` ENABLE KEYS */;
UNLOCK TABLES;

--
-- Table structure for table `friend_requests`
--

DROP TABLE IF EXISTS `friend_requests`;
/*!40101 SET @saved_cs_client     = @@character_set_client */;
/*!50503 SET character_set_client = utf8mb4 */;
CREATE TABLE `friend_requests` (
  `from_user_id` bigint unsigned NOT NULL,
  `to_user_id` bigint unsigned NOT NULL,
  `accepted` tinyint(1) DEFAULT '0',
  PRIMARY KEY (`from_user_id`,`to_user_id`),
  KEY `fk_friend_requests_from_user_idx` (`from_user_id`),
  KEY `fk_friend_requests_to_user_idx` (`to_user_id`),
  CONSTRAINT `fk_friend_requests_users_1` FOREIGN KEY (`from_user_id`) REFERENCES `users` (`id`),
  CONSTRAINT `fk_friend_requests_users_2` FOREIGN KEY (`to_user_id`) REFERENCES `users` (`id`)
) ENGINE=InnoDB DEFAULT CHARSET=utf8mb4 COLLATE=utf8mb4_unicode_ci;
/*!40101 SET character_set_client = @saved_cs_client */;

--
-- Dumping data for table `friend_requests`
--

LOCK TABLES `friend_requests` WRITE;
/*!40000 ALTER TABLE `friend_requests` DISABLE KEYS */;
INSERT INTO `friend_requests` VALUES (1,15,0),(2,3,0),(3,13,0),(4,35,0),(4,98,0),(5,13,0),(5,32,0),(6,73,0),(6,99,0),(7,42,0),(9,45,0),(10,80,0),(11,54,0),(11,83,0),(11,90,0),(13,58,0),(14,69,0),(16,27,0),(16,81,0),(17,6,0),(17,66,0),(18,29,0),(18,50,0),(18,97,0),(21,71,0),(22,7,0),(22,94,0),(23,6,0),(24,27,0),(24,68,0),(25,13,0),(25,67,0),(26,58,0),(27,94,0),(30,24,0),(31,5,0),(31,64,0),(34,9,0),(34,95,0),(35,21,0),(35,33,0),(35,54,0),(35,87,0),(37,4,0),(38,23,0),(38,42,0),(39,54,0),(40,89,0),(41,16,0),(42,9,0),(42,20,0),(49,88,0),(54,41,0),(54,64,0),(55,53,0),(59,60,0),(63,95,0),(64,87,0),(65,95,0),(66,85,0),(67,18,0),(67,66,0),(69,45,0),(69,87,0),(71,58,0),(72,69,0),(73,26,0),(73,43,0),(73,66,0),(74,85,0),(76,9,0),(77,44,0),(77,76,0),(77,95,0),(78,35,0),(79,32,0),(82,62,0),(83,66,0),(84,19,0),(84,50,0),(85,37,0),(85,99,0),(86,19,0),(86,28,0),(89,16,0),(89,31,0),(90,36,0),(92,41,0),(92,74,0),(93,51,0),(93,71,0),(94,16,0),(97,3,0),(98,16,0),(99,5,0),(100,20,0),(100,44,0),(100,59,0);
/*!40000 ALTER TABLE `friend_requests` ENABLE KEYS */;
UNLOCK TABLES;

--
-- Table structure for table `media`
--

DROP TABLE IF EXISTS `media`;
/*!40101 SET @saved_cs_client     = @@character_set_client */;
/*!50503 SET character_set_client = utf8mb4 */;
CREATE TABLE `media` (
  `id` bigint unsigned NOT NULL AUTO_INCREMENT,
  `user_id` bigint unsigned NOT NULL,
  `media_types_id` int unsigned NOT NULL,
  `file_name` varchar(255) DEFAULT NULL COMMENT '/files/folder/img.png',
  `file_size` bigint unsigned DEFAULT NULL,
  `created_at` datetime NOT NULL DEFAULT CURRENT_TIMESTAMP,
  PRIMARY KEY (`id`),
  UNIQUE KEY `id` (`id`),
  KEY `media_types_id` (`media_types_id`),
  KEY `user_id` (`user_id`),
  CONSTRAINT `media_ibfk_1` FOREIGN KEY (`media_types_id`) REFERENCES `media_types` (`id`),
  CONSTRAINT `media_ibfk_2` FOREIGN KEY (`user_id`) REFERENCES `users` (`id`)
) ENGINE=InnoDB AUTO_INCREMENT=101 DEFAULT CHARSET=utf8mb4 COLLATE=utf8mb4_0900_ai_ci;
/*!40101 SET character_set_client = @saved_cs_client */;

--
-- Dumping data for table `media`
--

LOCK TABLES `media` WRITE;
/*!40000 ALTER TABLE `media` DISABLE KEYS */;
INSERT INTO `media` VALUES (1,94,2,'voluptas',471,'1989-10-24 00:35:54'),(2,11,4,'sit',421897036,'1970-12-16 21:00:26'),(3,31,2,'est',972370911,'2006-09-15 04:31:42'),(4,40,4,'voluptas',0,'1991-06-09 21:13:27'),(5,15,4,'nihil',27484321,'2017-11-18 07:47:34'),(6,90,2,'dolores',999504476,'2017-01-21 16:12:55'),(7,58,1,'omnis',0,'1989-01-10 15:25:35'),(8,79,4,'alias',4485,'1999-12-11 12:07:52'),(9,71,2,'voluptatibus',84,'1995-05-12 03:05:10'),(10,62,3,'rerum',37886813,'1977-11-21 14:05:21'),(11,96,4,'itaque',7687,'2015-08-29 14:34:01'),(12,88,2,'dolor',87,'2008-06-04 08:17:53'),(13,61,1,'voluptate',8,'1999-02-24 07:10:43'),(14,26,2,'voluptatum',84987,'1990-08-01 13:05:34'),(15,50,4,'quia',8677404,'2015-04-17 07:30:52'),(16,55,2,'et',4200913,'1979-11-10 14:38:13'),(17,40,3,'ratione',625750785,'2021-04-30 07:35:26'),(18,29,3,'perspiciatis',165285,'1994-08-07 10:52:37'),(19,11,3,'voluptatum',87,'1990-04-16 19:39:18'),(20,50,2,'id',949386,'1983-09-17 12:04:23'),(21,50,2,'tempora',0,'2012-09-11 19:22:01'),(22,69,1,'libero',2564014,'1992-03-14 04:31:12'),(23,56,2,'et',83,'1991-04-28 17:43:39'),(24,96,2,'corrupti',6810,'1980-02-28 20:25:58'),(25,76,3,'facere',5,'2008-01-28 23:16:05'),(26,98,3,'ea',95142461,'2021-03-13 13:13:21'),(27,47,4,'expedita',210235623,'2010-04-10 16:18:24'),(28,18,1,'consequatur',25,'2009-09-25 04:10:52'),(29,90,2,'et',36045,'1994-02-12 14:04:06'),(30,38,2,'autem',268814892,'2016-08-09 21:24:06'),(31,37,4,'quis',3931985,'2001-12-01 05:51:56'),(32,83,4,'ad',2138,'1977-08-20 05:33:10'),(33,58,1,'et',6552537,'1991-11-21 14:58:21'),(34,46,3,'eligendi',5998130,'1974-12-25 04:17:54'),(35,78,4,'accusamus',5,'2020-01-04 17:47:55'),(36,94,2,'aut',48,'2016-04-16 23:10:35'),(37,34,3,'ut',0,'1991-11-08 18:39:38'),(38,35,4,'quisquam',881,'2016-05-29 05:54:41'),(39,8,2,'quasi',431424,'1993-06-30 23:04:14'),(40,15,4,'laboriosam',0,'1990-07-20 21:29:17'),(41,88,1,'tenetur',6792021,'1984-08-16 07:22:42'),(42,55,2,'ipsum',90765653,'1989-07-29 02:53:29'),(43,98,3,'quas',767698,'1983-07-17 09:28:15'),(44,42,4,'ipsum',252736,'1994-01-08 15:16:24'),(45,16,4,'similique',0,'2009-01-29 10:25:29'),(46,26,3,'velit',40762688,'2019-12-13 16:50:17'),(47,72,1,'consequuntur',0,'1982-10-10 16:36:34'),(48,29,2,'quis',627606365,'1978-05-31 08:15:06'),(49,19,3,'perspiciatis',885,'1992-12-15 16:08:09'),(50,97,4,'nemo',46285,'2003-11-10 09:16:47'),(51,69,4,'id',2,'1984-08-22 06:39:56'),(52,24,1,'dolorem',30095,'2010-11-26 21:52:46'),(53,52,3,'voluptate',74153760,'2018-01-16 11:10:33'),(54,92,3,'nesciunt',5436312,'2020-03-22 14:36:08'),(55,90,1,'ullam',5989403,'1992-08-27 17:17:27'),(56,43,4,'in',76,'1984-07-28 08:46:50'),(57,19,4,'aut',6096,'1994-12-10 19:28:38'),(58,12,1,'eaque',58166,'1984-05-07 09:38:30'),(59,70,3,'odio',0,'2004-12-08 03:03:05'),(60,3,4,'eveniet',1,'1990-03-18 16:03:10'),(61,32,2,'odio',0,'1980-09-17 11:38:15'),(62,38,1,'voluptas',361,'1979-10-19 11:42:51'),(63,37,3,'molestiae',709705,'1996-08-14 23:37:42'),(64,32,3,'neque',83,'1977-08-17 16:58:25'),(65,41,2,'accusamus',6643,'2017-08-30 11:42:04'),(66,51,1,'quia',631353,'1974-04-09 04:17:10'),(67,19,3,'quia',7903,'1987-05-26 14:46:20'),(68,13,3,'reprehenderit',65,'1990-06-25 04:45:30'),(69,34,1,'ipsa',0,'2018-05-12 15:15:30'),(70,29,1,'in',186,'1974-08-11 05:51:07'),(71,11,3,'blanditiis',2344288,'1994-03-25 11:55:45'),(72,100,2,'consectetur',0,'2021-06-05 09:33:16'),(73,69,1,'mollitia',912076888,'1981-06-12 19:47:57'),(74,46,2,'omnis',0,'1988-09-23 11:52:14'),(75,63,2,'earum',9,'2020-04-06 04:48:06'),(76,24,4,'fugit',0,'2015-02-17 09:10:47'),(77,77,3,'est',5602,'1973-08-23 10:51:40'),(78,98,1,'et',27050621,'2008-11-03 08:34:53'),(79,28,2,'culpa',24466538,'1985-04-26 16:43:22'),(80,69,3,'dolor',63871406,'1989-08-28 14:25:07'),(81,58,1,'ea',0,'2016-04-29 19:37:21'),(82,78,4,'consectetur',32717773,'2002-08-26 12:26:19'),(83,94,4,'inventore',73,'2017-11-13 00:41:40'),(84,46,2,'voluptas',8862,'2004-02-25 20:14:36'),(85,94,3,'dolores',0,'1971-03-25 19:13:39'),(86,50,1,'et',84723,'1978-10-05 19:37:57'),(87,45,2,'dolorem',18246,'2014-09-02 00:48:28'),(88,33,1,'sit',78596,'2009-07-28 00:03:23'),(89,59,4,'ullam',11380,'2018-03-01 14:38:44'),(90,51,1,'dolores',119904618,'1991-11-01 15:06:38'),(91,26,3,'suscipit',716265,'1984-11-26 18:36:45'),(92,17,1,'quasi',3014272,'1982-09-09 03:30:48'),(93,36,1,'ea',62975,'2006-06-29 21:17:52'),(94,16,3,'accusamus',0,'1990-04-16 09:01:55'),(95,43,4,'optio',0,'1988-02-22 02:38:20'),(96,32,4,'necessitatibus',5975,'2000-01-10 21:44:32'),(97,3,1,'fugit',36106316,'1997-12-01 13:33:32'),(98,76,4,'sapiente',0,'2003-01-27 01:33:27'),(99,100,1,'consequatur',4,'2009-06-01 03:21:45'),(100,23,4,'qui',647,'1979-07-21 12:39:04');
/*!40000 ALTER TABLE `media` ENABLE KEYS */;
UNLOCK TABLES;

--
-- Table structure for table `media_likes`
--

DROP TABLE IF EXISTS `media_likes`;
/*!40101 SET @saved_cs_client     = @@character_set_client */;
/*!50503 SET character_set_client = utf8mb4 */;
CREATE TABLE `media_likes` (
  `media_id` bigint unsigned NOT NULL,
  `user_id` bigint unsigned NOT NULL,
  `like_type` tinyint(1) DEFAULT '1',
  PRIMARY KEY (`media_id`,`user_id`),
  KEY `media_idx` (`media_id`),
  KEY `user_idx` (`user_id`),
  CONSTRAINT `media_likes_ml` FOREIGN KEY (`media_id`) REFERENCES `media` (`id`),
  CONSTRAINT `user_likes_ml` FOREIGN KEY (`user_id`) REFERENCES `users` (`id`)
) ENGINE=InnoDB DEFAULT CHARSET=utf8mb4 COLLATE=utf8mb4_0900_ai_ci;
/*!40101 SET character_set_client = @saved_cs_client */;

--
-- Dumping data for table `media_likes`
--

LOCK TABLES `media_likes` WRITE;
/*!40000 ALTER TABLE `media_likes` DISABLE KEYS */;
INSERT INTO `media_likes` VALUES (1,1,1),(1,2,1),(2,1,1),(2,2,1),(3,1,1);
/*!40000 ALTER TABLE `media_likes` ENABLE KEYS */;
UNLOCK TABLES;

--
-- Table structure for table `media_types`
--

DROP TABLE IF EXISTS `media_types`;
/*!40101 SET @saved_cs_client     = @@character_set_client */;
/*!50503 SET character_set_client = utf8mb4 */;
CREATE TABLE `media_types` (
  `id` int unsigned NOT NULL AUTO_INCREMENT,
  `name` varchar(50) NOT NULL,
  PRIMARY KEY (`id`),
  UNIQUE KEY `name` (`name`)
) ENGINE=InnoDB AUTO_INCREMENT=5 DEFAULT CHARSET=utf8mb4 COLLATE=utf8mb4_0900_ai_ci;
/*!40101 SET character_set_client = @saved_cs_client */;

--
-- Dumping data for table `media_types`
--

LOCK TABLES `media_types` WRITE;
/*!40000 ALTER TABLE `media_types` DISABLE KEYS */;
INSERT INTO `media_types` VALUES (2,'audio'),(4,'document'),(1,'image'),(3,'video');
/*!40000 ALTER TABLE `media_types` ENABLE KEYS */;
UNLOCK TABLES;

--
-- Table structure for table `messages`
--

DROP TABLE IF EXISTS `messages`;
/*!40101 SET @saved_cs_client     = @@character_set_client */;
/*!50503 SET character_set_client = utf8mb4 */;
CREATE TABLE `messages` (
  `id` bigint unsigned NOT NULL AUTO_INCREMENT,
  `from_user_id` bigint unsigned NOT NULL,
  `to_user_id` bigint unsigned NOT NULL,
  `txt` text CHARACTER SET utf8mb4 COLLATE utf8mb4_unicode_ci NOT NULL,
  `is_delivered` tinyint(1) DEFAULT '0',
  `created_at` datetime NOT NULL DEFAULT CURRENT_TIMESTAMP,
  `update_at` datetime DEFAULT NULL ON UPDATE CURRENT_TIMESTAMP,
  PRIMARY KEY (`id`),
  KEY `fk_messages_from_user_idx` (`from_user_id`),
  KEY `fk_messages_to_user_idx` (`to_user_id`),
  CONSTRAINT `fk_messages_users_1` FOREIGN KEY (`from_user_id`) REFERENCES `users` (`id`),
  CONSTRAINT `fk_messages_users_2` FOREIGN KEY (`to_user_id`) REFERENCES `users` (`id`)
) ENGINE=InnoDB AUTO_INCREMENT=601 DEFAULT CHARSET=utf8mb4 COLLATE=utf8mb4_unicode_ci;
/*!40101 SET character_set_client = @saved_cs_client */;

--
-- Dumping data for table `messages`
--

LOCK TABLES `messages` WRITE;
/*!40000 ALTER TABLE `messages` DISABLE KEYS */;
INSERT INTO `messages` VALUES (1,16,71,'Ut adipisci praesentium voluptatem quo dicta. Quia deleniti id sed voluptatem distinctio consequuntur. Reiciendis aut impedit consequatur corporis minima.',1,'2009-06-12 13:09:55','1984-10-11 18:50:52'),(2,34,47,'Molestias amet id perferendis et omnis minima molestias. Voluptatibus praesentium possimus odio id beatae. Et enim aut fugit laborum non. Incidunt corrupti voluptas sunt repellat in impedit dolore vel.',0,'1977-10-02 16:21:36','1978-10-26 23:02:56'),(3,86,47,'Nihil sit consequatur nisi architecto. Et possimus et corporis sunt fugit vel. Corporis et sequi esse in vel ab. Atque mollitia et eveniet accusantium.',0,'2012-12-14 00:07:26','2020-08-25 09:53:09'),(4,63,56,'Reiciendis rem ad consequuntur qui quidem consequatur qui. Enim nam voluptatem sunt pariatur qui iure ut. Neque odit itaque sit pariatur. Et et excepturi nihil fugiat ut.',0,'1975-01-04 08:09:37','1998-02-07 12:00:48'),(5,60,7,'Dolorem dolor hic unde doloremque et. Laborum repellendus fuga quis provident accusantium. Id minus sequi aut dolorem quibusdam omnis inventore a. Cupiditate suscipit ut dignissimos ducimus. Dolor laudantium sit saepe.',1,'1997-08-16 06:29:30','2005-02-01 05:22:41'),(6,82,92,'Voluptas sit pariatur autem velit molestias quis animi odio. Molestias optio rerum tenetur unde.',1,'1997-05-31 10:26:33','1973-11-22 21:42:26'),(7,53,98,'Deserunt et non saepe nobis. Ut iusto voluptas voluptatem soluta. Sit facilis inventore at odit sapiente.',0,'1979-06-12 22:13:31','2008-12-02 17:51:37'),(8,19,20,'Voluptas labore rerum debitis voluptatem omnis consequatur. Distinctio neque sunt atque reprehenderit. Id eligendi qui modi illum. Impedit autem consequatur qui qui.',1,'2019-12-04 10:47:02','1993-01-18 01:57:52'),(9,18,81,'Omnis asperiores cum praesentium consequatur aut eos. Ad aspernatur consequatur qui perferendis. Vel officia dolor numquam consequatur. Accusamus molestiae aut amet aperiam quia et.',1,'1979-05-10 19:57:43','1982-06-19 02:48:54'),(10,80,83,'Nobis exercitationem beatae possimus porro ea eaque. Dolorem ratione doloremque ut deserunt commodi vel. Beatae quisquam ut nihil qui saepe voluptas.',0,'2008-04-02 10:26:47','1994-07-13 23:08:22'),(11,38,14,'Corporis nihil dolor distinctio quod qui. Qui optio non consequatur quia in eum. Sunt qui assumenda ut dolorem ex velit quo qui.',1,'2008-06-17 23:39:54','1982-12-29 16:04:55'),(12,96,96,'Vel natus ut similique nam. Eos delectus nostrum enim aut. Sapiente explicabo non aut doloribus. Et neque eos officiis.',1,'2011-11-22 13:22:45','1972-04-29 04:59:56'),(13,54,27,'Qui dignissimos qui doloremque nihil et voluptas esse. Et est eaque rem sequi quis nobis maiores. Illum quasi deserunt est quam aliquid rerum. Temporibus distinctio tempora odit eligendi.',1,'1982-05-11 07:54:08','1996-03-03 22:51:45'),(14,54,3,'Et sapiente soluta ad. Vitae doloribus ut sint voluptatem omnis in. Consequatur qui iste doloribus deleniti.',0,'1996-03-30 12:56:36','2014-09-22 08:39:56'),(15,31,4,'Sint velit aliquam eaque consequuntur harum tempore aliquam. Doloribus ut sit laboriosam incidunt. Natus ea earum voluptatem impedit facilis et molestiae.',1,'1972-09-21 13:06:41','1992-11-16 22:12:22'),(16,99,46,'Perspiciatis consequuntur a dolor. Dolorum quo repellat sequi repellendus reprehenderit perferendis. Maxime eaque placeat culpa et sed. Facilis est a reprehenderit possimus.',1,'1993-01-12 10:54:34','1990-01-15 17:29:56'),(17,74,32,'Odio veritatis eum omnis provident. Occaecati quo id fugiat. Exercitationem quod consequatur voluptas placeat culpa. Eveniet culpa aut voluptates quae qui eos.',1,'2019-02-10 22:25:14','1993-04-27 08:25:23'),(18,93,60,'Quod officiis rerum inventore maxime. Deserunt error eos at qui aut corrupti. Voluptatum quis deleniti occaecati quis laboriosam nihil. Occaecati ut reiciendis modi impedit aut nulla.',0,'2005-01-04 09:55:23','2000-05-27 14:48:48'),(19,78,56,'Laborum et saepe et inventore consequatur assumenda mollitia alias. Praesentium voluptas eius fugit ut officiis numquam nulla. Et repudiandae et et perferendis rerum. Ea animi cum aut ut nihil cupiditate aut possimus.',0,'2016-02-24 17:09:07','2018-05-29 10:32:46'),(20,15,38,'Et ea id tempore maxime ut quae consectetur a. Cupiditate facere dolores dolor qui quasi consequatur excepturi. Officiis mollitia impedit possimus deserunt aut velit.',1,'1974-02-20 03:05:15','2010-07-07 16:53:37'),(21,62,96,'Possimus impedit atque omnis voluptatem consectetur aut. Qui enim veritatis explicabo aut voluptatem. Quo voluptatem quae et pariatur aliquam velit.',0,'1984-12-05 14:40:20','1998-09-29 08:16:58'),(22,30,14,'Asperiores aut et provident. Voluptas sequi nemo ut soluta cupiditate perspiciatis ratione.',1,'2020-04-05 09:27:49','1992-08-21 20:25:35'),(23,94,48,'Sapiente dolorem quisquam distinctio. Voluptates culpa mollitia perspiciatis porro. Et totam non voluptatem vitae voluptatem id.',1,'2017-01-12 20:50:05','2011-07-07 17:24:42'),(24,33,11,'Non aut eveniet molestiae a. Iste et magnam rerum dolorem. Est aut et quis porro dolorem non. Tempore dicta maxime sint labore qui et quam vero.',1,'1989-05-02 21:47:44','1972-05-16 12:58:16'),(25,29,13,'Blanditiis assumenda amet eos aut quo ab. Ut eligendi in architecto expedita quae deserunt et. Est doloribus eius nobis sapiente veritatis rerum.',0,'1992-12-04 09:54:34','2001-07-02 07:26:27'),(26,94,66,'Facere odio aliquid qui ipsa et incidunt. Incidunt reprehenderit magni et expedita sit. Magni non non nisi deleniti qui. Cum eaque quia ab perferendis.',1,'1987-05-12 15:24:19','1979-07-08 12:33:23'),(27,26,89,'Consectetur et dolor voluptatem. Repudiandae tempora ad voluptates nobis. Beatae quo vitae iusto rerum.',0,'1991-08-11 17:15:14','1978-07-09 10:09:21'),(28,62,79,'Voluptate tempora molestiae molestiae rerum dolore. Eveniet doloremque perferendis culpa mollitia. Ut assumenda illum rerum qui facilis. Repellendus porro illum harum in ducimus tempora repudiandae dolor.',0,'2005-12-03 12:43:40','2001-02-02 04:11:20'),(29,16,15,'Quod et ullam atque amet consequatur autem quis. Dignissimos itaque rerum omnis rem iure. Magnam architecto possimus doloremque pariatur fugiat illo. Fugiat dolorum voluptates veniam est.',1,'2010-02-21 14:11:34','1984-05-28 21:20:01'),(30,81,47,'Facere voluptate est facere voluptates dolores aut quibusdam. At aperiam vitae vel sed ratione reprehenderit. Maiores sint fugiat dolores qui autem aut optio ex.',0,'2005-07-23 13:17:58','1973-01-04 04:16:07'),(31,18,80,'Sed magnam non quia alias. Ut velit saepe itaque nostrum veritatis placeat veritatis. Odit maxime aperiam quibusdam fugiat.',0,'1980-11-23 16:15:13','2021-03-11 08:14:21'),(32,92,92,'Commodi quia aut neque repellendus odit ut. Sint possimus eos labore magni. Id repellendus sit enim porro consequatur similique illum. Soluta possimus numquam ipsum.',0,'1974-12-25 16:31:59','2011-10-23 00:45:59'),(33,11,85,'Quidem ipsa voluptatem culpa ea voluptas provident. Velit quos temporibus ad. Nam repellat dolores dolorem.',0,'2006-03-03 09:01:19','2018-12-03 11:14:53'),(34,52,89,'Enim voluptates quos et ut quos maiores. Voluptates et consequatur quibusdam et tempore delectus nihil unde. Placeat voluptas maxime sit aut consequatur. Commodi autem voluptas ut atque rem quis reiciendis.',0,'1987-05-28 19:27:11','2015-10-15 09:22:38'),(35,40,67,'Voluptatem cum est et iste in molestiae. Voluptas eaque magni ex expedita. Voluptas omnis tempora et facilis. Repellat voluptas sit pariatur adipisci est.',1,'2011-08-10 03:26:00','1980-11-12 01:01:17'),(36,27,1,'Pariatur qui et laudantium alias. Hic natus odio praesentium voluptatibus quam. Ut assumenda aut ut nulla quisquam est id aliquam. Dolor corporis velit rerum adipisci quos excepturi.',1,'2013-03-24 03:11:53','2003-10-08 10:39:17'),(37,63,56,'Vel rem non molestiae quibusdam. Sint ducimus assumenda asperiores impedit. Saepe et illo id molestiae dignissimos sequi. Voluptate reprehenderit id officia qui voluptatem tempora.',1,'2010-09-04 05:21:24','1979-08-27 13:32:20'),(38,15,57,'Dolore sed culpa officia libero quam quo dolorum. Nobis aut consequuntur totam reprehenderit ipsum sapiente. Nihil nulla quo fugit ut fugiat non animi quam. Unde optio sed est sint itaque sequi cum aspernatur.',0,'2012-06-12 05:16:59','2009-12-30 07:48:31'),(39,4,48,'Nihil similique eaque dolor at quod a. In dolorem quo praesentium reprehenderit nisi. Est animi recusandae quia ut nulla ut nihil. Non totam officiis repudiandae voluptate explicabo dolores voluptates.',0,'2007-06-08 09:21:31','2003-03-26 12:30:13'),(40,67,32,'Iure ullam fugiat aut ipsum. Facilis ut omnis placeat numquam quasi commodi qui. Vero eum aut et accusantium veritatis. Beatae et ut harum ut quia.',1,'2003-08-30 08:56:16','1981-10-31 13:06:20'),(41,60,61,'Quia in voluptas aut qui alias. Aut et tempora sapiente qui aliquid tenetur omnis. Totam aspernatur eos quia rerum.',0,'2016-12-29 07:44:01','1977-06-01 06:31:42'),(42,98,85,'At illum consequuntur eos tempora iste voluptatem eos consequatur. Ad architecto labore temporibus reprehenderit natus dolor libero. Omnis eum officia ipsam delectus et et voluptate. Quibusdam autem ratione facere est necessitatibus corporis ratione. Ea sit qui asperiores consequatur.',1,'2011-10-02 20:06:43','1995-07-15 18:27:58'),(43,50,60,'Et sapiente dolorem iusto explicabo sed aspernatur beatae. Omnis dolores quaerat et quidem accusamus nemo. Architecto quia excepturi beatae eum architecto. Nisi reiciendis cumque at iste.',0,'1981-07-03 06:02:16','1991-09-03 04:07:30'),(44,63,66,'Et amet repudiandae voluptas nam. Accusantium est et voluptatum. Dolorum natus est veniam repudiandae quasi. Maxime in quia iusto dolor expedita enim non.',1,'2013-08-27 08:57:18','2013-07-19 15:17:37'),(45,75,44,'Unde aut sunt vel magni rerum neque. Et praesentium aliquam voluptatem atque. Quos fugiat id et enim dolor id. Tempora assumenda voluptatem repellat voluptatum esse accusamus. Neque voluptates aliquam harum adipisci et numquam harum voluptas.',0,'1982-09-21 16:29:25','2017-06-29 02:08:08'),(46,12,93,'In omnis quia quia quia nostrum similique autem. Nihil provident ab similique quia alias. Est et veniam autem quia velit deserunt. Velit magni quia beatae magnam.',0,'2004-02-03 03:05:38','2011-11-18 14:50:05'),(47,23,4,'Voluptates qui quibusdam ea. Voluptatem nihil cum qui pariatur beatae dolore. Porro et soluta ullam consequatur.',0,'2020-05-15 19:49:42','2014-03-20 05:42:26'),(48,84,34,'Quia ut dolor ut recusandae doloremque est sit. Qui laudantium mollitia ut facere architecto omnis ex ex. Et autem fuga expedita dolore eos. Inventore iure veritatis esse et maiores perferendis.',0,'2017-09-29 02:07:44','1978-08-22 00:49:26'),(49,88,36,'A vel corporis nulla non. Eveniet ab corporis minima dignissimos ex. Velit similique doloribus rem totam fugiat quasi voluptas. Nam voluptatem dolore quibusdam expedita soluta laboriosam rerum saepe.',0,'1981-09-23 08:46:52','2002-09-12 19:59:29'),(50,22,27,'Nihil rerum totam earum optio architecto non quam. Iste voluptatem aspernatur doloribus ut mollitia qui optio. At quas laboriosam hic officiis.',0,'1982-06-12 01:52:34','2012-01-15 20:41:53'),(51,2,49,'Vitae velit hic officiis excepturi quaerat sint soluta aut. Rerum non porro neque omnis maxime aut inventore. Dolores aut inventore aut rerum dolore excepturi officiis. Et ducimus eum eum hic.',0,'2002-01-26 11:27:54','1977-08-04 02:49:48'),(52,28,65,'Architecto pariatur autem et non dignissimos qui autem. Magni qui eaque cum aliquam error ducimus. Nihil assumenda et omnis iste libero officia aut.',1,'2016-05-26 23:43:24','1988-09-27 15:12:20'),(53,4,42,'Incidunt quis consequatur voluptatibus sed dolorem. Modi natus asperiores officiis repellendus cupiditate consequuntur eum. Iusto mollitia eius minus et veniam commodi assumenda. Sunt sit corrupti est repellat soluta asperiores consequuntur.',1,'1986-02-13 11:51:11','1978-06-12 23:12:43'),(54,21,7,'Non et debitis et expedita exercitationem. Vero ab dolore eveniet quibusdam iste. Sit rerum omnis vero sint architecto est similique. Quia sit illo consectetur.',1,'1991-06-25 23:06:09','2021-01-19 14:03:26'),(55,89,88,'Repellendus voluptates voluptatem voluptates quia recusandae fugiat. Dignissimos totam sit tempora sequi non quis. Distinctio quibusdam voluptatem nobis id est quos. Possimus eum rerum perspiciatis consequatur voluptatibus quod vel incidunt.',0,'2012-04-16 13:24:26','2017-01-20 05:13:09'),(56,39,48,'Aliquid in architecto sit reiciendis tempore. Inventore eligendi harum voluptatum cum ea neque dolorum excepturi. Quae voluptas repellat nam qui adipisci. Aliquam id assumenda iure illum perferendis facere quod.',1,'1985-11-11 17:16:44','2020-01-11 19:53:58'),(57,48,37,'Ad repudiandae et est ut. Eum voluptate ducimus esse omnis reiciendis quod rerum quia. Dolor doloremque doloribus quae eligendi sit aut. Autem perferendis error neque delectus ut.',1,'1992-11-12 21:19:13','1973-11-23 12:54:25'),(58,33,97,'Beatae eos voluptas reprehenderit laudantium ipsa. Sit iure ea ab numquam quam. Distinctio explicabo nihil explicabo harum debitis illum. Facilis nihil magnam rerum id sunt.',1,'1979-04-27 05:02:56','1984-05-14 07:46:10'),(59,96,95,'Culpa dignissimos dolor doloribus quibusdam. Incidunt iusto dolorem ad. Eius pariatur labore sed id sunt eveniet molestiae. Libero id saepe sint illo.',1,'1988-02-05 15:24:43','1985-10-06 08:27:23'),(60,62,70,'Ea nihil incidunt itaque quasi repudiandae. Quod velit totam voluptatem. Sunt corporis qui voluptas dignissimos sit repudiandae sint. Quod aliquid et similique consequuntur voluptate.',0,'2007-07-19 05:31:46','1970-05-10 10:04:27'),(61,39,73,'Omnis commodi totam rerum dolorum aut quos. Dolor ea nobis repellat vel error et aspernatur. Possimus doloribus sit nihil sunt corporis in.',1,'1977-11-04 20:48:23','2005-05-16 07:01:05'),(62,62,62,'Labore alias soluta iusto enim cum beatae. Quis nobis quisquam explicabo cupiditate quam. Nulla aliquid est corporis quidem. Omnis natus alias ullam.',1,'1979-04-11 02:06:13','2010-04-26 14:49:24'),(63,76,46,'Deserunt et fuga error occaecati sint. Cumque fugiat ea eaque consequatur. At consequatur cum quod quisquam repellat. Vel illo mollitia asperiores consequuntur laborum molestias ratione.',1,'2010-05-24 21:23:31','1975-08-31 19:56:22'),(64,95,64,'Soluta non incidunt omnis pariatur voluptatem corrupti perspiciatis ullam. Voluptatem possimus nulla consequatur corrupti quod minima.',0,'2007-12-12 03:55:48','1975-03-12 21:04:57'),(65,82,17,'Ea sit cum itaque labore itaque voluptatum. Expedita ipsa perferendis perferendis. Porro voluptas dolores non mollitia tenetur.',1,'1971-06-09 20:06:08','1985-08-14 11:09:26'),(66,90,84,'Sequi dolore temporibus beatae sunt voluptas est. Eos officia minus harum inventore repellat est. In reprehenderit et aliquid quam. Sapiente numquam vel non enim doloremque reprehenderit.',0,'1997-05-20 21:59:47','2006-08-15 01:45:07'),(67,65,18,'Commodi ipsum illum excepturi aut debitis. Omnis beatae quia et. Dolorem nihil et incidunt aut. Dolorem est dolores itaque commodi non vel qui. Aspernatur aliquam iusto debitis officiis cupiditate.',1,'2008-09-07 04:31:20','1991-08-24 04:25:01'),(68,48,68,'Quo omnis modi maxime dolorem magni. Alias corporis quas dolor ex omnis sint repellendus. Neque quia consectetur qui reiciendis consequatur. Ut totam natus vitae ut nisi molestias dolorum.',1,'2017-06-25 03:53:27','2009-02-19 12:58:49'),(69,59,68,'Et labore consequuntur error voluptas delectus ratione. Non non repellat ut. Quidem voluptatem et qui et. Quia omnis consequatur fugit qui est.',1,'2018-12-12 13:03:31','1980-01-05 14:06:22'),(70,75,48,'Dolor odio omnis facere nam illum. Neque nam quaerat ipsam reprehenderit veritatis earum. Quis labore doloremque itaque in. Corrupti et delectus hic quas dicta.',0,'1997-05-02 04:38:41','2014-05-07 01:55:43'),(71,55,14,'Ut voluptatem est minus. Et ipsa enim sit. Labore sunt natus perspiciatis.',1,'1974-03-21 13:49:04','2013-09-15 14:05:04'),(72,96,3,'Magni qui aperiam voluptates iste est aliquam nisi ut. Distinctio accusantium suscipit quo ipsum aut minus voluptatem quam. Eum eos quam laborum est debitis. Reiciendis sunt et magni maxime nobis.',0,'2019-09-18 03:51:11','2010-03-18 16:13:05'),(73,50,28,'Fugit nemo quaerat voluptas ea. Mollitia rerum nihil ex tenetur qui ullam. Et temporibus sunt odit tenetur odio nostrum. Ad necessitatibus quas illum magnam illo.',0,'1986-12-18 18:57:22','2020-05-02 03:09:15'),(74,99,45,'Incidunt ullam minus illo corrupti animi. Repellat cumque illo provident delectus nemo. At distinctio in inventore debitis in.',0,'2000-11-21 16:34:22','2000-07-30 04:41:35'),(75,23,61,'Quia dolorem quam ut quae. Aliquam voluptates blanditiis voluptas occaecati consequatur aspernatur voluptatem. Nihil animi voluptas sed vel.',0,'1978-06-08 04:41:16','2018-01-07 03:36:42'),(76,15,61,'Maxime enim ipsam deserunt ipsam hic ut cumque est. Maiores saepe corrupti earum ea veniam molestiae qui consequatur. Repellat eveniet qui cum dolorem. Ea ipsa enim quia sint ipsum cupiditate.',0,'1977-12-13 13:40:50','2006-03-22 10:50:51'),(77,33,77,'Delectus iusto alias porro non rerum. Eius eaque ab molestiae laborum blanditiis necessitatibus reprehenderit harum. Numquam voluptatem quae quisquam optio laborum veritatis voluptatibus nam. Dolorum ut et nobis assumenda omnis dicta.',1,'2011-04-03 05:09:00','2020-04-17 23:14:10'),(78,23,9,'Reiciendis eos eaque quod aut alias. Aut ut tenetur quos ad. Eum dicta enim ipsam voluptatem error nisi. Voluptas hic alias modi dolor ipsam ipsum vero.',0,'1975-06-29 07:58:09','2001-06-22 09:35:16'),(79,23,17,'Consequatur molestias delectus aut molestias. Et explicabo impedit enim quasi accusantium repellat. Sunt quis et nemo commodi odit fugiat.',1,'1981-01-18 14:17:44','2001-08-16 02:03:07'),(80,72,4,'Quidem exercitationem debitis quis quia at ea adipisci odio. Ut nihil cupiditate dolore molestiae cum et harum. Non quo ut possimus sint voluptatibus.',1,'1996-05-01 08:49:09','1980-10-23 20:51:59'),(81,33,62,'Porro asperiores non ex aut velit. Hic laborum nihil dolorem et natus. Ex modi pariatur quaerat fugit.',1,'1973-05-31 00:50:15','1983-01-25 11:40:33'),(82,87,98,'Consequatur qui minima dolore. Itaque autem sunt aspernatur eum nulla deleniti totam. Molestiae dolorum voluptatum alias eos molestias.',0,'2016-12-28 03:49:03','1983-01-17 05:59:09'),(83,79,35,'Perspiciatis velit porro quo consequatur. Ut repellat recusandae occaecati eum illo. Voluptatem voluptatibus quae nemo at consequatur officia magnam. Qui sint et modi maxime quis sed.',0,'1980-07-24 06:11:11','2001-10-01 23:14:09'),(84,66,38,'Iusto quasi temporibus at molestiae consequatur ut. Maxime explicabo non soluta et dignissimos vel perspiciatis accusantium. Optio laboriosam ut iure distinctio doloremque sit officiis. Ut quibusdam repellendus hic ex.',1,'1994-05-09 07:22:03','1993-07-23 13:42:05'),(85,3,40,'Ipsa architecto a animi in. Aut odit voluptatem consequatur nulla molestiae doloribus.',0,'1986-10-16 06:11:27','1996-02-13 14:57:30'),(86,86,58,'Voluptas exercitationem ipsum est tempore. Ut consectetur mollitia omnis reprehenderit fuga ut neque voluptatibus. Animi et quia veniam voluptas. Sit id sunt laboriosam recusandae ab nisi perferendis.',1,'1975-05-12 20:25:38','2013-06-07 06:03:51'),(87,53,81,'Ipsum culpa alias consequatur aut fugiat quidem tempora. Quasi atque sed libero ratione ratione adipisci ipsa quas. Facere ut architecto qui nihil neque quis delectus numquam. Architecto suscipit voluptatem maiores voluptatibus sunt saepe.',0,'1973-08-25 19:14:27','1991-06-17 22:22:39'),(88,60,2,'Voluptas pariatur veritatis fuga similique omnis assumenda. Est voluptates quidem totam est. Cupiditate et quos dolorum cum similique asperiores consequatur temporibus. Unde ex impedit ducimus eligendi quis.',0,'1998-07-07 18:51:04','1979-03-28 09:49:52'),(89,9,59,'Odio perferendis hic officia. Est est qui dolor et. Iste natus consequatur modi atque qui voluptas.',1,'1997-09-22 19:42:51','2001-10-18 05:28:41'),(90,47,32,'Est accusamus nemo repellat autem. Quibusdam enim ut accusantium quos. Est omnis labore ratione aspernatur.',0,'2010-04-12 21:37:24','2019-09-24 22:55:29'),(91,19,61,'Corrupti doloribus vitae sed. Ut quo nobis dolorem. Harum corrupti et quis at est. Nisi excepturi nostrum et velit voluptatem.',0,'1992-02-04 14:19:05','2009-11-29 23:17:51'),(92,93,52,'Dolor tempore nesciunt minima vero. Quisquam officia excepturi eos iusto quae reiciendis rem. Rerum accusamus sed autem sunt.',0,'2016-03-28 18:06:17','1984-07-26 01:56:22'),(93,38,15,'Fugit aspernatur consequuntur eaque possimus iure excepturi. Et eaque odit eum alias vero qui non. Nam quo qui et voluptatem ut omnis. Ratione voluptas asperiores vero.',0,'1978-07-28 01:43:24','2011-04-19 01:48:07'),(94,60,60,'Ipsa aut quam veritatis et dolores. Laborum culpa iusto doloremque quo iste et quaerat. Quidem cumque sed id.',0,'1981-12-15 02:41:46','1980-11-03 23:46:41'),(95,31,32,'Commodi esse laboriosam quisquam aliquam. Fugit dolores ea quis fugit. Quaerat iste beatae vel molestiae suscipit molestiae cumque. Doloremque sequi dolorem impedit accusamus.',0,'2014-07-27 23:54:32','2002-03-29 08:58:31'),(96,63,64,'Ab modi et ex esse dicta aut voluptates. Dolores et autem laborum quis. Accusamus corporis reprehenderit sit sed explicabo modi voluptatem. Cupiditate odio velit dolores temporibus enim debitis blanditiis.',0,'1985-02-23 18:03:14','1982-05-27 01:31:20'),(97,94,50,'Omnis autem nulla sapiente sunt. Aperiam possimus enim perferendis. Eligendi earum nulla ipsum itaque quam. Omnis et qui vero expedita omnis deleniti quos dolores.',1,'2015-09-27 05:42:25','1974-10-06 12:31:22'),(98,61,72,'Laborum dolores beatae pariatur omnis quasi sint. Necessitatibus iste labore cum sunt. Facilis qui et sed repudiandae alias et aut. Earum assumenda et officia. Saepe voluptates omnis aut quas ea.',0,'1977-11-01 18:21:21','2018-10-28 20:07:05'),(99,85,26,'Aspernatur culpa voluptatem modi aut dolorem quisquam consectetur. Cum eum aut consectetur quam excepturi consectetur dicta. Repellendus quis impedit ut quae aut enim molestiae esse.',1,'1988-11-29 14:58:35','1980-03-22 15:17:26'),(100,10,87,'Iste molestias voluptatem rerum inventore. Eos possimus ut distinctio repellat.',0,'2008-09-06 15:10:17','2007-11-03 01:17:19'),(101,66,95,'Repellat dolores quia id porro unde. Optio repellendus ipsum quo voluptatem eos optio delectus sed. Dicta et eos unde. Eius alias provident tempora asperiores non. Perferendis quos rerum odit omnis itaque.',1,'2003-05-02 08:56:35','2021-05-13 19:08:53'),(102,44,19,'Voluptatem incidunt excepturi voluptatum cum est nulla labore. Nostrum ex ullam illo et voluptates. Placeat et dolores rerum provident in illo. Soluta porro cupiditate dicta repudiandae dolor.',0,'1988-08-29 09:03:35','2001-09-17 15:54:52'),(103,76,4,'Repellat et perferendis tempora. Culpa necessitatibus assumenda iusto. Optio temporibus alias repellat nemo et. Modi dignissimos non accusamus sed nam dolorem.',0,'2012-07-31 13:25:13','2021-03-26 19:39:47'),(104,21,85,'Sed similique dolores hic illo nihil expedita. Veniam molestias culpa ut.',0,'1979-01-20 07:17:37','1979-09-28 14:41:36'),(105,62,67,'Explicabo incidunt aut et placeat dolorum est quia. Ea sit quia totam reiciendis. Eos similique tempora placeat dignissimos necessitatibus rerum ut.',1,'2013-11-24 14:41:24','1992-10-16 17:12:20'),(106,16,80,'Nihil ut nihil libero sed quia. Voluptates deleniti optio perspiciatis neque placeat. Est maiores modi dolor laborum. Id molestiae qui illum.',1,'1993-04-20 07:41:47','1998-04-07 23:59:41'),(107,28,8,'Incidunt tempore earum accusamus eos autem molestias et officia. Aut nihil voluptatem similique adipisci laboriosam. Sed quia vel quam dolore velit ducimus et ut.',0,'1975-09-10 20:27:41','1993-08-29 20:35:14'),(108,31,65,'Quas odit suscipit ex repudiandae nobis incidunt. Facere id ut voluptatem pariatur hic dolor. Ut veritatis sunt culpa esse. Labore sint atque eos cumque aperiam dolores.',0,'2016-02-18 12:32:27','1972-04-29 01:09:06'),(109,22,91,'Porro ullam natus enim earum. Rerum ea labore et et. Eos voluptatibus dolores est. Et quos odio nulla voluptatem recusandae. Repellat doloremque eos animi quae harum minus.',1,'1994-01-30 23:15:44','1976-03-08 13:13:33'),(110,24,52,'Ratione ullam ut dolore sequi. Omnis non consequatur impedit. Et occaecati nostrum nemo maiores cumque amet doloribus. Perspiciatis aspernatur sunt est repudiandae.',1,'1993-04-07 06:50:55','1983-12-07 14:26:52'),(111,23,87,'Magni ea sunt facere. Enim asperiores culpa cupiditate asperiores. Incidunt tempore est ullam eos. Explicabo non quos iusto enim consequatur voluptatem.',1,'1975-08-01 20:19:45','1988-09-06 09:58:04'),(112,16,16,'Aliquam reprehenderit laborum omnis qui quibusdam qui. Et aut ut voluptate sit. Nobis fugit autem est unde ipsa sit at reiciendis. Voluptas aliquid ut magnam et magnam voluptatem.',0,'1978-08-28 16:06:04','1991-07-21 06:08:38'),(113,37,77,'Dolores impedit saepe unde eos saepe ea. Repudiandae aut aut repellendus itaque repellendus aliquam. Modi et facilis ipsam impedit non voluptatibus ab.',0,'2003-02-23 21:34:09','2013-05-17 15:15:20'),(114,87,21,'Est dolores quia veniam ut minus autem. Aliquam dolorum suscipit impedit sed. Doloremque vitae recusandae aut perferendis doloremque.',0,'2005-09-24 16:22:58','1995-05-18 17:24:38'),(115,3,97,'Perspiciatis aut amet quos eum. Libero quis quis eius rerum.',1,'1992-02-11 04:37:25','1980-11-04 13:43:35'),(116,7,68,'Pariatur dolorem autem optio. Rerum quia tenetur aliquam et et. Aut eos exercitationem est officiis et quia sunt. Laboriosam vero dolor aut et libero sunt quod.',0,'1980-02-19 02:09:38','1995-06-30 21:36:10'),(117,91,51,'At voluptas perspiciatis eveniet animi. Cupiditate quisquam perferendis doloribus sequi eum et. Ut fugit a omnis placeat ut id totam nesciunt. Sunt qui et sit.',0,'1984-11-01 16:16:45','2006-08-04 20:08:13'),(118,87,67,'Voluptatem id ducimus consequatur maiores ipsum earum. Eligendi quo amet autem non eveniet aliquid omnis. Optio placeat odio odio debitis qui. Expedita accusantium odit necessitatibus accusamus laudantium amet quia.',0,'1983-08-12 03:24:40','2020-02-29 20:36:10'),(119,54,7,'Veniam neque nisi beatae beatae saepe nobis qui. Provident et earum unde consectetur ut dolor. Facilis ipsam ex consectetur recusandae voluptatem et eum. Perspiciatis earum assumenda debitis unde mollitia nihil ipsa.',0,'2013-10-27 03:44:57','2011-02-16 02:26:10'),(120,51,15,'Nemo eaque totam eos velit. Voluptatem in veritatis dolores suscipit aliquam ut. Molestiae molestiae incidunt magni a. Tempora debitis dolorem laudantium eum sunt.',1,'1979-09-23 08:17:55','2007-11-29 20:43:57'),(121,74,66,'Provident aliquid nihil alias voluptatem et fuga ea velit. Aut id accusamus ad est. Eum odit eligendi aut qui natus qui.',1,'1981-08-20 07:53:46','1977-10-18 13:56:56'),(122,94,1,'Necessitatibus dolore corporis ut ab id dolore explicabo distinctio. Et omnis incidunt praesentium voluptatem nisi facilis aliquam. Quaerat incidunt qui saepe. Exercitationem sint autem sed voluptas ratione facere ullam.',1,'1987-09-09 02:49:05','1973-11-03 04:08:10'),(123,73,25,'Explicabo amet rem ut explicabo cumque. Sint et illo molestiae deserunt facilis a culpa. Aut sit excepturi rem quam sunt. Adipisci debitis harum sunt.',1,'1980-07-29 16:35:50','1995-11-15 05:58:17'),(124,66,94,'Nulla corrupti et hic eligendi. Voluptatum iusto pariatur vitae deleniti. Illum nihil assumenda voluptas voluptatem. Tempore nostrum dolores eligendi quisquam consequatur et.',0,'2004-12-13 15:04:43','2005-07-15 04:18:34'),(125,16,90,'Tempore magni laudantium accusantium debitis esse dolores. Recusandae aut perferendis nemo quo est maxime minus et. Distinctio doloribus assumenda iure est alias sit facilis.',1,'2016-06-13 20:36:11','1973-09-18 23:24:39'),(126,46,38,'Corporis aliquam voluptatibus qui dolor et. Et mollitia ullam aut ullam.',1,'2008-01-07 08:52:33','1986-11-03 14:18:48'),(127,76,62,'Non et et consectetur optio itaque est. Non corporis dolorem quasi pariatur. Earum et nemo tenetur quia quibusdam aut.',1,'1989-05-28 15:30:39','2010-08-28 17:59:23'),(128,53,12,'Neque laborum magnam eos ullam nihil ratione quisquam. Excepturi voluptas doloremque vero eaque. Magni et asperiores animi dicta soluta minus. Mollitia autem nam optio provident rem quia delectus.',1,'1983-10-22 09:56:39','1974-05-07 01:33:54'),(129,38,39,'Dolores iste cumque sed eveniet. Ad qui et atque tenetur blanditiis magnam. Et fugit et possimus similique.',1,'1979-05-24 11:47:41','2014-07-11 15:48:07'),(130,32,40,'Est iure nulla itaque harum quia. Quisquam voluptas omnis odit sed. Repellendus blanditiis autem recusandae nobis eveniet ipsum aperiam. Neque dignissimos aperiam aut fugiat.',0,'1982-07-08 10:38:51','1977-07-19 18:05:04'),(131,35,39,'Aut eos iusto eum exercitationem sit distinctio consectetur. Omnis ducimus molestiae numquam minima.',1,'1972-05-04 17:38:58','2011-02-05 03:35:09'),(132,8,26,'Voluptatibus qui assumenda ut veritatis. Ipsam unde laudantium incidunt optio. Molestiae voluptas aliquam consectetur cupiditate autem officiis.',0,'1971-10-28 16:53:25','1974-04-11 13:40:03'),(133,89,94,'Quas accusantium iure assumenda doloremque aut temporibus. Deserunt sint alias ut esse expedita est omnis cum. Pariatur commodi cum voluptas sit libero.',0,'2016-11-01 21:59:34','1990-11-18 05:01:40'),(134,92,42,'Animi deleniti magnam quas quo pariatur omnis. Ducimus quo voluptatem illo. Est magni dolorum quod qui minus. Voluptatem natus hic praesentium quas.',1,'1983-10-26 11:08:39','2004-11-28 16:57:44'),(135,100,42,'Sequi possimus nobis aut voluptatem et. Ab beatae et sint quis sunt soluta. Doloremque qui beatae voluptas reiciendis deleniti esse. Atque consequuntur totam molestiae.',0,'1975-03-03 22:23:07','1975-02-26 18:55:48'),(136,56,74,'Enim nulla dolorum labore animi est repellendus earum. Blanditiis ipsa explicabo minus praesentium quas odio accusantium. Molestiae quia unde est. Exercitationem quia non at fuga possimus fuga.',0,'1988-12-12 17:29:45','1985-01-26 10:46:10'),(137,7,50,'Amet consequatur ipsa voluptas occaecati omnis. Qui consequuntur magni occaecati eligendi at.',0,'2000-07-29 05:05:54','1971-06-18 11:34:51'),(138,74,80,'Quibusdam expedita aliquid quia necessitatibus. A aut tempora et repellat voluptatibus et corrupti.',0,'1979-07-27 19:07:39','2019-12-17 23:06:10'),(139,75,40,'Aut voluptate similique culpa animi. Voluptate totam itaque dolor voluptatum velit. Enim dolor quo aut blanditiis.',1,'2019-10-18 07:11:02','2009-01-21 03:29:09'),(140,74,90,'Quia voluptatem distinctio qui itaque ipsum iste. Occaecati et assumenda est qui praesentium. Earum id quaerat unde id. Autem quibusdam repellat libero ratione. Sint sed ut autem dolorem ut debitis ipsam.',0,'2009-12-01 23:34:20','1985-08-18 03:49:43'),(141,29,20,'Placeat quidem ipsum architecto aliquid illo. Et in pariatur cumque aliquam perferendis. Debitis deleniti nesciunt quia totam. Similique similique esse et et ut unde assumenda.',0,'1986-10-27 20:33:18','1970-06-29 03:01:49'),(142,27,5,'Laudantium earum provident occaecati mollitia sit voluptas eos. Nam dignissimos temporibus vel autem dignissimos. Dolorem perspiciatis architecto maxime sit ex natus.',0,'2015-09-30 00:03:15','2019-06-14 10:44:36'),(143,81,79,'Itaque laborum est aut aut placeat qui. Consequatur laborum qui consequatur ipsum. Quis libero voluptate quia et.',1,'1971-01-26 18:14:45','2006-10-06 12:24:11'),(144,17,19,'Eligendi ipsa voluptatibus sunt fugit quaerat doloremque vel. Tempore totam minus quis in neque eos. Nisi nulla sapiente enim sequi fuga numquam tempore.',1,'2008-10-11 01:07:34','1974-12-12 22:53:29'),(145,18,49,'Labore sed explicabo enim voluptatibus voluptatum facilis voluptate. Dolorum molestiae voluptas consectetur. Dolor tempore maxime in animi. Vel voluptate autem quos aut quis sed.',1,'1976-06-12 23:16:53','1986-08-16 05:36:52'),(146,59,53,'Quaerat a et dolorem qui minus. Qui corporis libero maxime debitis. In nostrum in incidunt ut. Numquam voluptatem est ratione aliquid et nam. Sed possimus possimus ullam quae dolorum.',1,'2000-03-13 01:14:11','2001-08-27 08:18:54'),(147,87,66,'Sit enim optio vel ipsum enim. Voluptatibus at qui tempore dicta. Accusantium tenetur maiores temporibus sed.',0,'1977-04-24 15:20:45','1970-11-23 03:08:41'),(148,78,76,'Velit neque culpa odio laudantium et. Libero corrupti vero necessitatibus ipsum. Blanditiis impedit aut reiciendis id. Ratione maiores voluptas placeat eaque praesentium voluptatem.',0,'1978-03-29 06:29:40','1991-12-31 04:59:43'),(149,60,70,'Ut veritatis mollitia aspernatur aut accusantium eaque. Placeat quaerat ipsum occaecati nostrum voluptatem aut provident. Autem sed eligendi consequatur incidunt magnam aliquid iusto illo. Voluptates neque distinctio eum reiciendis aliquid voluptatum. Sequi quibusdam optio qui est fugit est reprehenderit.',0,'1992-11-07 10:39:48','2011-10-13 15:20:40'),(150,17,60,'Vel consequatur expedita odio quia molestiae et. Molestias ratione asperiores sapiente sapiente aperiam dolorum et quis. Omnis nam tempora est. Aut hic tenetur libero in illo.',1,'1995-05-11 04:28:15','1976-02-24 21:20:10'),(151,11,73,'Voluptates repellat dolorum possimus repellendus. Earum accusantium vel temporibus earum quia possimus. Quidem ea minima doloribus aut officia beatae pariatur.',1,'1972-11-27 10:16:30','1994-11-08 10:06:43'),(152,33,18,'Nihil consectetur nihil minima. Iusto quisquam atque nihil totam distinctio ullam repellendus rem. Maiores blanditiis quaerat sint recusandae nostrum. Inventore minima earum harum.',0,'2001-05-29 00:35:43','1975-08-10 04:32:02'),(153,23,7,'Delectus odio fugit quidem quam. Similique vel accusamus accusantium et itaque porro quod. Natus officia eligendi saepe sit maxime officia.',1,'2012-02-09 17:37:48','2015-06-10 12:47:21'),(154,98,97,'Blanditiis voluptate corrupti facere possimus ea quas recusandae et. Velit sit earum aut saepe consequuntur. Et nesciunt voluptatem qui quia doloremque quisquam. Dicta illum eum aspernatur reprehenderit ducimus.',0,'1975-03-11 19:03:26','1974-10-02 09:25:19'),(155,46,71,'Nemo et dolore nulla numquam rem provident. Consequatur voluptatibus quia accusantium earum debitis rerum maxime. Eveniet et qui mollitia soluta. Autem neque ratione recusandae.',1,'2007-07-10 18:21:12','2015-01-15 11:28:13'),(156,87,75,'Nemo aut necessitatibus laborum quo voluptate vero animi. Ex expedita quia exercitationem impedit dolorum accusantium.',0,'2002-11-21 16:34:05','2003-01-13 17:33:55'),(157,91,13,'Aut voluptas aut et illum consequatur voluptatum molestias. Aliquam et debitis odio quia a distinctio odio. Architecto et architecto laborum voluptates quisquam at ab. Ex et voluptate ipsa architecto quo aut.',0,'1971-04-17 03:45:04','2008-07-05 14:58:15'),(158,79,71,'Ea et distinctio culpa ipsum. Sed sit doloribus deleniti quia expedita. Beatae architecto quaerat est omnis.',0,'1993-11-03 13:57:39','1975-07-30 15:38:48'),(159,92,96,'Quasi dignissimos et doloribus ducimus incidunt. Asperiores natus voluptate et dignissimos qui.',1,'2012-07-29 02:07:04','2005-07-20 21:27:45'),(160,90,9,'Dignissimos rerum dolorem eum. Facere optio hic libero et et suscipit. Earum nisi omnis ratione.',1,'1976-04-25 15:06:40','1978-09-15 13:33:58'),(161,44,48,'Distinctio corrupti est labore non dolore. Quisquam quo fugit sed dolores similique. Rerum et aut alias quisquam sunt. Ab quas ipsa et ut ipsa ex.',0,'2006-05-07 18:42:42','2013-03-09 00:06:57'),(162,62,31,'Illum illo temporibus voluptas similique. Et rem delectus omnis. Dolor sequi architecto nemo aliquam saepe quo. Atque quibusdam natus est voluptas nihil sed.',1,'1984-02-10 14:22:20','2019-06-19 20:10:15'),(163,14,39,'Dolor molestiae animi consequuntur molestiae dolores et. Corrupti aut magnam laudantium dignissimos consequatur quibusdam. Dolore enim est unde quibusdam doloribus velit nesciunt. Sed id omnis inventore accusamus voluptas cumque impedit.',0,'1982-12-28 20:52:08','2013-11-09 11:52:14'),(164,6,74,'Aliquam ut autem incidunt dolore consequatur quia totam. Voluptas voluptas voluptas optio ipsam eveniet fuga. Accusamus veniam necessitatibus necessitatibus quae quia quae repudiandae. Illo quis ipsam esse velit.',0,'2013-05-10 00:13:31','1989-01-02 07:16:40'),(165,8,23,'Sit et et eos molestias expedita exercitationem eligendi. Similique rerum commodi ex et perspiciatis quidem. Minus accusantium expedita adipisci aperiam incidunt. Consequatur labore quis est tenetur numquam nesciunt officia enim.',1,'2000-01-15 01:56:27','2011-11-13 07:09:04'),(166,33,19,'Ut dolorem commodi ut sint sequi excepturi ut. Nihil velit ut aut ipsa libero sapiente sequi itaque. Minima voluptates ea laboriosam et repudiandae. Similique error provident consequatur. Eveniet eius est quasi saepe est ut ratione quod.',1,'2002-09-24 10:19:40','1980-11-04 10:42:55'),(167,95,65,'Eum dolores repellat necessitatibus est saepe. Sit eos in quibusdam adipisci ad. Expedita quam eaque repellendus exercitationem consequuntur nostrum nobis.',0,'1976-05-21 14:59:08','1970-11-18 01:32:27'),(168,37,18,'Velit neque laborum iste nesciunt. Aut eius quo exercitationem occaecati ipsa nobis. Quis quo quos modi. Nihil explicabo earum provident aut assumenda et.',1,'1974-01-11 10:33:47','1971-04-13 18:36:37'),(169,71,34,'Illum eveniet pariatur aliquam amet. Aperiam itaque maxime tenetur nesciunt. Et consequatur corrupti aut molestias ut repellat ipsum.',1,'1997-06-02 22:09:47','2008-06-15 18:17:48'),(170,15,17,'Saepe itaque eveniet eaque laboriosam fugit. Ullam sit sit voluptatem magni. Labore id magnam quia perferendis aliquid provident sequi. Et minus aut porro aut quia in magnam.',1,'2004-12-08 18:45:01','2017-03-15 08:11:19'),(171,4,1,'Nobis doloremque atque voluptatum aut fuga. Qui similique consequuntur voluptatum consequuntur ut. Explicabo commodi quasi voluptate dolores debitis aut voluptatem. Quas quia ipsam dolorem ab et odit aut.',1,'1985-10-27 08:48:05','1998-04-24 15:28:48'),(172,91,94,'Eos id quod natus magni. Molestiae nulla minima quas voluptatem perspiciatis dicta. Aut quod omnis nulla quaerat totam.',0,'2019-04-08 16:52:20','2010-03-29 13:35:31'),(173,14,70,'Fugit in officia et sunt est enim blanditiis. Dolor in voluptatem praesentium omnis sit quod aut. Fugit debitis in delectus et. Dolor consequatur voluptatem saepe eius minima earum.',0,'1976-07-24 00:56:15','1993-11-29 15:12:44'),(174,65,5,'Quidem sunt autem est reiciendis delectus sit. In excepturi sit dolorum. Molestiae et laboriosam qui odio.',1,'1970-08-20 13:48:25','2011-04-22 19:57:50'),(175,65,55,'Sunt blanditiis quis dolore culpa nesciunt rerum. Est et rerum quis quia quis ipsa. Molestiae id reprehenderit temporibus dolore dolores doloribus dolore. Error vel aut consequatur temporibus quisquam.',0,'1980-07-22 17:13:38','1970-02-28 19:17:18'),(176,14,9,'Quam sed rerum a soluta libero. Aut nihil optio modi. Ut voluptatem dolorum rerum sit adipisci commodi. Ipsa et dolores laborum voluptatem.',0,'1981-01-07 23:06:44','2004-05-18 13:35:55'),(177,3,75,'Quibusdam sunt nostrum nihil sit. Iure officia cum atque. Eos voluptatem repudiandae est eos eos cum libero dicta. Nihil iste corrupti necessitatibus non at ut officia et.',0,'1975-12-31 11:00:47','2015-03-31 03:05:01'),(178,39,16,'Quo rem explicabo nihil reprehenderit deleniti ad. Eveniet eaque temporibus ab. Et quia voluptatum aliquid in adipisci. Harum error eos nemo repellendus possimus incidunt.',0,'2009-07-01 03:00:51','1995-11-04 13:38:32'),(179,14,44,'Quia veritatis at sunt suscipit molestias. Nobis rerum optio amet et. Nesciunt voluptate id sed aspernatur. Maiores magnam commodi quisquam quo inventore. Dolores ipsam cum quaerat aut vero.',0,'1987-10-06 12:25:54','2018-06-29 03:44:15'),(180,89,22,'Ea exercitationem eos quia ducimus voluptas repudiandae. Occaecati ab consequatur sed omnis numquam facere earum. Veniam tempora sint tempore alias.',1,'2006-11-17 08:08:26','1974-05-03 20:46:46'),(181,67,22,'In sunt blanditiis eum quae neque laudantium. Quo reiciendis voluptate maiores consequuntur repellendus consequatur. Dolorem omnis maiores est eligendi sunt. Dolor sit ut non cum unde rem.',1,'1986-09-13 06:15:05','1991-08-01 01:10:44'),(182,40,61,'Et et dolores et voluptatem facere est et. Delectus voluptatibus omnis distinctio facere sunt alias ut. Qui voluptatem unde rem quibusdam est recusandae odio.',1,'1978-10-16 10:52:17','1980-12-08 00:19:49'),(183,87,76,'Nulla hic perferendis voluptas et unde vitae quae. Quam aut nisi quia et. Et fuga non iste doloribus dicta est molestias. Necessitatibus voluptas ratione odit voluptatum quo doloremque. Neque saepe nulla aut tenetur pariatur asperiores.',1,'2013-02-24 17:00:13','2006-07-26 08:33:42'),(184,79,58,'Aut alias officia nihil. Quia dicta ut unde rerum nulla consectetur iure inventore. Optio impedit veritatis ea consequuntur occaecati sed quidem.',0,'2015-08-02 20:10:40','2002-03-02 13:09:29'),(185,9,93,'Optio nulla omnis perferendis nobis veniam debitis. In perferendis ipsum officiis consequatur vel est harum. Ut optio est ut dicta numquam sapiente laboriosam. Repellat odit et dolor ea enim voluptas adipisci. Ea excepturi vitae natus dolores ipsam.',1,'1988-11-04 20:42:35','1973-03-12 18:19:43'),(186,74,13,'Est ut qui odit at hic hic id. Enim et voluptas voluptates autem earum quam vel. Eum commodi reprehenderit aperiam officiis ducimus. Eum accusamus inventore totam dolor qui enim omnis.',1,'2015-05-27 13:59:14','2007-04-09 03:05:05'),(187,93,65,'Sit consectetur nesciunt qui eos ullam ut. Inventore est provident corporis saepe nesciunt sed incidunt. Labore deserunt voluptatibus vel repudiandae quibusdam.',1,'2000-12-09 11:18:11','1975-02-03 05:49:15'),(188,7,6,'Omnis quos repellat voluptas repellat a placeat. Nihil et fugit quae molestiae illum et. Neque exercitationem eum nihil eius. Voluptatem voluptates molestiae et. Quis ex velit labore vero molestiae eum sed.',1,'1995-06-25 17:09:28','2008-05-15 16:18:44'),(189,34,72,'Omnis deserunt nostrum sed architecto. Harum et sint amet nostrum consequatur id. Assumenda neque tempore ab doloremque aut. Aliquid assumenda qui reprehenderit quidem itaque laudantium.',0,'1985-03-04 02:21:36','1993-09-17 05:41:36'),(190,11,99,'Neque consequatur voluptas commodi error neque dolorem. Dolorum ea deserunt libero similique saepe. Aliquam ut quo et eius adipisci molestias qui.',0,'2000-07-02 14:24:58','1972-01-24 03:56:23'),(191,26,24,'Dolorum aut temporibus nemo dolor cum officiis tempore quas. Ut quia dignissimos dolor incidunt voluptatem provident nisi. Et et quod eveniet quaerat aperiam quasi.',0,'1975-12-14 07:13:44','1985-11-23 11:41:03'),(192,7,28,'Ex ut in dolores doloribus. Voluptatibus culpa id fuga dolor commodi. Odit provident atque cum deserunt harum. Velit et rem enim nemo consequatur hic.',1,'1987-07-23 14:35:09','2001-07-30 04:23:26'),(193,99,45,'Blanditiis vel nemo vero id voluptas adipisci optio. Aut incidunt deserunt eveniet ipsum voluptatem. Recusandae aliquam cupiditate maxime quia quas.',0,'2001-11-25 05:34:45','1991-09-08 13:39:25'),(194,44,12,'Ad facilis fugiat provident voluptates et inventore. Corporis temporibus aut ipsam sed ut eos. Doloribus reprehenderit omnis quo iusto enim. Tempore maxime unde aliquid amet.',1,'1973-10-25 02:26:13','1976-07-14 22:45:36'),(195,89,33,'Vel assumenda ducimus amet. Odio pariatur dolorem optio fugiat et sunt magnam. Ducimus veritatis quod dolorum eaque nesciunt aperiam qui fugit. Modi et eius doloribus voluptatem. Qui expedita nihil corrupti omnis itaque dolor.',1,'2014-03-15 00:24:18','2015-01-05 19:53:42'),(196,33,55,'Aut autem voluptas quia magni repudiandae sed. Suscipit similique architecto repellendus earum eos recusandae. Doloremque accusantium laboriosam qui voluptatum. Voluptates vel atque id molestias similique.',0,'1983-05-17 04:07:02','1996-12-25 23:33:03'),(197,54,73,'Eveniet voluptatem ea ut et odit officia dolorum ut. Qui adipisci ipsa accusamus sunt. Accusantium nesciunt similique repellat eum enim cum. A mollitia occaecati perferendis et.',1,'2014-06-23 05:03:18','2016-08-24 16:01:40'),(198,16,40,'Fuga nihil esse aspernatur veritatis delectus. Odio eum facilis inventore totam corporis repellat eaque.',0,'1982-09-25 13:59:35','1987-07-12 18:29:55'),(199,49,94,'Omnis quam placeat incidunt a quia a. Voluptas quaerat aut itaque. Sed vel sed quibusdam qui rerum quo. Est dolorum autem ea perspiciatis aspernatur nulla.',0,'1994-09-27 17:24:24','2007-02-19 05:42:07'),(200,97,57,'Fugiat explicabo quam minima ea eos magnam quasi. Facere dolorem dolorem quia qui. Autem quo eaque nihil. Laboriosam et in impedit qui. Distinctio a nihil esse placeat quibusdam itaque debitis.',0,'1996-02-14 23:12:59','1982-11-26 08:19:43'),(201,86,71,'Saepe dolore maxime molestiae sed nobis sapiente. Necessitatibus incidunt libero debitis est. Quidem minima quia enim adipisci rerum.',1,'2013-01-20 15:12:10','2014-02-20 10:46:13'),(202,70,79,'Quia atque quisquam illum. Voluptates aut qui similique quam alias voluptatibus est illum. Accusamus magni sit dolor dolorum.',0,'1982-02-16 04:21:19','2006-01-18 00:58:09'),(203,35,76,'Doloribus odio commodi et non. Accusamus quis sunt consequatur sed. Id rerum quis est et id.',0,'1974-07-22 13:16:32','1979-07-03 16:34:59'),(204,85,69,'Molestiae natus consequatur nam occaecati velit enim. Aperiam aut tempora praesentium et et. Est nobis accusantium repellat cum.',0,'1998-02-10 05:54:26','2019-03-23 01:39:41'),(205,47,95,'Molestiae est veniam quos maxime. Voluptatem et sit minus quas. Quia pariatur natus fugit. Sed aut modi laborum incidunt similique id.',0,'2017-01-02 21:48:55','2019-12-15 06:42:17'),(206,67,73,'Adipisci temporibus porro voluptates ad voluptates molestiae reiciendis. Officia odit perspiciatis voluptas quis. Consequatur ex officia atque. Ullam id ab non est quae est.',1,'1971-10-26 22:12:41','1993-04-12 06:23:31'),(207,19,73,'Voluptatem sed minima ipsa labore ad. Cum itaque nam quisquam veritatis. Enim consectetur deserunt aut sunt accusantium. Explicabo corporis dignissimos fuga labore odit.',1,'1999-01-07 21:57:04','1988-09-26 02:11:42'),(208,1,17,'Tenetur odit asperiores deleniti quia eveniet. Quo ea aperiam aliquid harum. Aliquid beatae fugiat similique placeat non similique aut. Saepe est nostrum ut fuga vel aut eligendi.',0,'1975-04-08 11:50:07','2014-02-09 05:34:20'),(209,18,44,'Asperiores rerum repudiandae sapiente est voluptatem porro. Dignissimos vero et sit rem porro. Minus magni ipsam placeat.',1,'1982-12-09 16:34:52','1983-08-25 14:30:15'),(210,28,7,'Eos fuga fugit veniam soluta sunt ut et. Qui aperiam et aut sed. Eos eius ipsam quo numquam sapiente nisi amet.',0,'1992-04-18 23:13:55','2019-09-24 23:38:11'),(211,76,61,'Vitae hic est illum optio consequatur enim. Enim quo aut culpa. Laboriosam laudantium in omnis modi aliquid repudiandae voluptatem. Blanditiis velit dolore commodi. Dignissimos illo quaerat hic laboriosam.',0,'2001-01-17 20:49:36','2020-05-14 21:11:13'),(212,61,30,'Totam repudiandae nisi quasi et minima. Accusantium fuga tempore sit neque est sit. Eaque temporibus id voluptatibus iusto numquam dignissimos soluta.',0,'2006-02-24 05:14:38','1993-02-13 21:29:24'),(213,33,77,'Cum quia officiis omnis quo. Autem sequi est qui sapiente repellendus. Laudantium qui et nam ratione unde quisquam. Officiis cupiditate magni et veritatis.',1,'2018-12-26 17:07:07','1990-04-26 19:13:54'),(214,70,81,'Maiores porro enim aspernatur autem. Aliquam distinctio repellat dignissimos. Totam id odit consequatur est voluptate et esse.',1,'1981-08-22 07:52:37','1992-04-07 12:10:17'),(215,71,66,'Iste est magni nihil explicabo velit quia. Aspernatur cumque voluptates officiis beatae enim beatae exercitationem et. Nihil necessitatibus et soluta placeat esse. Ut itaque atque esse ex.',1,'2000-05-30 09:47:20','2004-11-02 07:13:46'),(216,38,56,'Ut iste distinctio deserunt ullam. Ad error nulla consequatur. Velit eos ipsam et laboriosam facilis ullam sit non. Dignissimos eius aliquid soluta sed sequi. Deleniti numquam expedita rerum suscipit ipsa architecto earum.',0,'2009-01-15 16:42:59','1975-07-06 16:34:18'),(217,36,8,'Molestiae nemo reiciendis qui minima ullam iure. Nisi aperiam molestiae totam veniam nemo. Doloribus ad eius rem et nisi fugit.',1,'1989-06-17 00:28:08','1993-10-10 18:18:04'),(218,35,71,'Quam ipsa eum et culpa nihil qui. Totam alias est deleniti accusamus assumenda rerum. Doloremque quaerat quaerat labore quidem corporis earum voluptatibus. Optio sed sint qui provident sint.',0,'2018-04-04 14:04:26','1979-02-11 13:56:31'),(219,84,19,'Dolor quis perferendis optio possimus sed sed vitae consequatur. Inventore quia expedita iusto recusandae porro. Deleniti ut sit omnis sapiente. Voluptatum possimus rerum voluptas harum eligendi est.',1,'1977-02-18 03:01:07','1985-09-08 14:18:10'),(220,39,31,'Labore voluptatem quis esse qui est adipisci. Voluptatem facilis repudiandae consequuntur odit. Consequatur nemo quam nam eveniet laborum blanditiis. Vel voluptate ut doloribus voluptatibus officiis et totam. Odio voluptas accusamus dolor sint et explicabo quibusdam.',0,'1990-05-04 07:46:38','2016-01-16 08:49:45'),(221,14,6,'Inventore sunt molestiae ducimus dolore. Temporibus et fuga omnis at est ut. Aut qui quo et eius eaque voluptatem. Ut minus autem sed blanditiis dolorem quia dolorem.',0,'1998-03-21 08:40:14','1971-08-16 05:55:34'),(222,3,32,'Eaque ad dolore qui accusantium excepturi. Est ipsa non consequatur. Et et culpa tempora minus. Omnis illo nesciunt magnam perferendis eveniet ipsum. Repudiandae dolor commodi et rerum unde quam et.',1,'1986-11-06 14:01:11','1971-11-04 01:54:28'),(223,79,3,'At molestias eligendi possimus ipsum ea consequuntur. Quia officia ratione quo deserunt pariatur culpa ut. Omnis dolore omnis dicta inventore repellat. Labore magnam sint expedita sit est.',0,'1985-03-16 16:18:40','2000-01-02 23:23:20'),(224,48,96,'Adipisci ut est aut ad sit beatae possimus. Quis dolor voluptatum voluptatem maxime optio excepturi soluta.',1,'1999-01-01 05:45:21','1970-06-18 10:32:52'),(225,47,76,'Doloremque rerum voluptatem tempora ut. Nihil doloremque incidunt aliquam non sit. Iusto aspernatur quia non est iure et exercitationem.',1,'2003-10-13 15:18:17','2012-04-27 12:24:09'),(226,3,23,'Qui sapiente est non aliquid qui aperiam. Ea at expedita itaque. Ullam ducimus fugiat vel voluptas quos voluptatem voluptas accusamus.',1,'2020-11-04 15:22:22','1995-01-03 05:15:28'),(227,37,63,'Repellendus vero in cupiditate. Id sed dolores cum. Nam quasi et illum dolorem aut dolor ducimus. Rerum exercitationem culpa sint repellendus velit.',0,'1974-11-13 12:33:06','1973-05-25 05:05:20'),(228,52,70,'Vel rerum dolorum in occaecati sed veritatis a et. Rerum deserunt esse labore necessitatibus velit omnis. Eos doloremque sint adipisci earum et consequatur.',0,'2013-03-11 02:17:30','1994-02-13 20:56:33'),(229,40,21,'Ducimus quo debitis beatae id. Saepe aliquid sed minima commodi nam ea. Amet iure praesentium fuga velit delectus. Sit iste temporibus enim facere.',1,'2002-04-29 16:23:40','1994-09-29 14:46:04'),(230,51,10,'Repellat qui sed aliquid perspiciatis. Sit ab quis error. Reiciendis voluptates quidem sint voluptatibus eaque corporis tempore. Dolor voluptas velit dicta quam qui voluptatem.',0,'1979-04-14 00:05:36','2006-03-21 04:10:33'),(231,87,89,'Ipsum rerum fuga sed non ut. Dicta provident quibusdam est non. Eveniet modi ut est quo.',1,'1993-11-01 23:37:24','1984-03-25 19:17:10'),(232,66,23,'Velit commodi in quo est deserunt. Architecto labore quos necessitatibus quia. Omnis assumenda rem illum eligendi dolores. Distinctio veniam rerum minima est quia est. Natus nesciunt ut dicta autem beatae quaerat cum.',1,'1970-04-20 16:30:44','1970-08-26 14:24:57'),(233,96,100,'Illo temporibus et sunt vero illum autem dolor. Vero facilis et in alias provident vitae. Veniam non magni qui nisi neque maxime.',0,'2002-04-07 19:35:12','2020-06-05 04:37:27'),(234,93,79,'Iusto voluptas omnis eos nihil doloremque non sit. Iure in et quisquam consequuntur et sit. Inventore quos error suscipit.',0,'1976-05-16 14:13:55','2006-10-19 20:40:39'),(235,19,32,'Eius reprehenderit in commodi illum et hic neque. Temporibus reprehenderit error quia magni molestiae vel et. Ullam voluptatem aliquam ea.',1,'1993-04-26 01:07:39','1991-03-10 12:03:30'),(236,9,32,'Fuga beatae fugiat reprehenderit corporis iure molestias quia. Dolore esse dolore ad suscipit ipsam iste omnis et. Hic neque esse et voluptatem consectetur saepe consequatur.',1,'1990-08-18 16:12:53','2007-06-24 07:26:18'),(237,37,12,'Soluta alias repudiandae quas sit deleniti ad id. Praesentium et cupiditate est tempore consequatur. Voluptas dolorum quibusdam unde soluta est est eum.',1,'2021-03-14 22:36:50','1985-11-16 08:53:21'),(238,63,15,'Et consequatur voluptas corporis enim cupiditate. Saepe id maxime autem aut inventore adipisci omnis autem. Aliquam voluptas nobis natus odit voluptas at eum ut. Dicta repellendus magnam animi debitis ipsum.',1,'1991-04-16 08:29:01','1972-10-02 04:04:50'),(239,14,11,'Laborum alias quo explicabo beatae nam. Qui error iste nobis.',1,'1977-10-22 21:43:24','2014-04-15 04:43:29'),(240,11,61,'Veritatis eligendi commodi quidem et dolore quo tenetur. Hic similique qui deserunt ex velit iure ducimus. Deserunt est et aut hic omnis consequatur voluptatum. Libero laudantium sit atque qui molestiae hic.',1,'1979-02-03 03:07:41','1974-11-15 06:01:25'),(241,87,13,'Doloremque inventore dolore ab magnam soluta magnam dolorum odio. Explicabo harum ut itaque eaque eos repellat accusantium. Quos non mollitia commodi. Totam velit soluta voluptas unde blanditiis laborum. Nihil repellendus molestias sequi voluptatibus qui.',0,'2009-04-14 08:30:39','1976-07-15 16:07:26'),(242,83,23,'Non corrupti commodi quis illo. Dolor et aut similique ex praesentium fugiat. Omnis at repellat odit ea velit ratione. Qui dolore beatae voluptates nisi.',0,'1978-08-02 19:45:04','2007-11-30 16:30:18'),(243,76,35,'Saepe adipisci vel rerum mollitia non sint. Ut quia consectetur voluptate. Quia rem qui perferendis cum veniam. Culpa explicabo sunt itaque quo.',0,'2001-03-24 03:45:11','1989-04-01 22:56:19'),(244,92,15,'Aut corporis unde et placeat maxime ut et. Fugit modi sit facilis consequatur mollitia est et. Quasi quia nihil in blanditiis sed voluptas sint nemo.',0,'1998-04-01 03:12:29','2007-08-16 00:59:48'),(245,55,43,'Quia sapiente harum perspiciatis vel dicta. Totam occaecati et cumque beatae dolorem. Quia commodi qui ut cum voluptatem modi non. Illo velit dolor quam corporis.',1,'2004-03-27 00:25:40','1988-12-11 22:04:36'),(246,25,42,'Corporis doloribus ea aperiam recusandae aut laboriosam delectus. Est nemo autem eum occaecati quibusdam. Alias reiciendis iure laborum quae dignissimos quasi.',0,'1973-04-06 11:51:18','2001-04-02 04:52:34'),(247,31,90,'Autem incidunt adipisci et odit. Ea corporis laudantium impedit minima tempore corporis voluptatem et. Aut rerum molestiae dolor molestiae.',1,'1970-06-23 02:44:08','2013-03-29 12:06:49'),(248,65,26,'Labore quia quas nostrum repudiandae consectetur. Rerum iusto alias adipisci amet non ea. Exercitationem ea vel voluptas sit culpa laborum.',1,'1991-09-23 11:36:09','2015-09-04 21:07:17'),(249,90,58,'Dignissimos amet perferendis qui et. Quia ullam laborum ullam asperiores. Id numquam quia rerum quibusdam.',1,'2015-09-09 18:40:17','2018-01-10 13:18:45'),(250,5,8,'Vitae perspiciatis quia in voluptas cupiditate accusantium soluta. Ad ut adipisci vero ducimus et aspernatur doloribus. Voluptatem adipisci doloremque amet hic voluptatem unde. Et omnis provident voluptas et dolores.',0,'1977-04-25 17:33:54','2002-11-13 23:09:15'),(251,89,13,'Consectetur facere omnis aspernatur autem beatae sed. Adipisci totam accusamus laboriosam nihil amet fuga quaerat. Rerum modi architecto corporis. Voluptatem impedit ea et accusamus soluta.',0,'1993-05-08 02:10:07','2009-06-30 14:03:38'),(252,39,26,'Ut hic deserunt amet aut unde non. Aut modi expedita alias quo quis. Perspiciatis maiores aliquam facere vitae veritatis provident.',1,'2018-03-12 11:11:46','1979-09-26 07:19:03'),(253,24,2,'Quia iure eos nihil est explicabo. Ipsum sit molestiae autem officiis consectetur ut. Molestiae et beatae at itaque ipsa aut sit.',0,'1991-08-19 14:10:54','2020-07-30 17:40:32'),(254,41,38,'Dolorum esse non et nisi. Omnis architecto delectus quibusdam porro aut dolor qui. Consectetur laudantium et ut autem exercitationem sint et.',1,'1999-03-23 01:38:15','1996-02-11 12:13:24'),(255,12,52,'Nostrum non accusantium dolore reprehenderit rerum aut. Suscipit laudantium placeat reprehenderit deserunt aperiam veniam quia. Consequatur non eveniet itaque eius alias ullam. Ut voluptatem ut aspernatur recusandae.',1,'2014-09-19 03:34:18','1989-05-15 06:40:10'),(256,98,99,'Quis non dolorum porro magnam quibusdam suscipit et. Quia quia ab unde quas dolore incidunt commodi. Dolor et omnis tempore in. Excepturi in iste et magni sapiente ut.',0,'2017-02-23 16:54:00','1986-03-14 22:43:45'),(257,64,81,'Voluptas voluptatem perferendis occaecati quis dolores enim modi. Ducimus consequatur voluptatem aut. Magnam enim voluptas facilis velit fuga.',1,'2014-06-28 09:31:00','1980-07-13 06:29:32'),(258,21,40,'Modi cum ullam rerum. Sunt odit at voluptatum est dolores nobis. Ipsum eius commodi qui consectetur molestiae assumenda nam.',0,'1998-11-16 14:22:09','1999-10-07 21:34:22'),(259,15,13,'Qui commodi velit velit. Quos accusamus quibusdam ipsum tempora tempore beatae vel.',0,'1975-07-07 00:35:33','2017-08-24 13:37:47'),(260,55,70,'Dolores facilis possimus ut corrupti quidem. Quis magnam quam odio quia soluta mollitia.',0,'1989-11-01 19:46:00','2017-12-24 12:02:41'),(261,55,79,'Placeat ut aut nostrum sed. Omnis eos accusamus quos dicta et rerum. Repellat et inventore molestiae voluptatibus fuga et.',0,'1998-01-29 22:28:38','1980-11-09 23:56:30'),(262,11,86,'Temporibus quibusdam quis consectetur qui dolores. Ullam dicta nulla placeat qui ut et veniam excepturi. Ad laboriosam vel consectetur beatae. Id et tenetur incidunt quibusdam nihil consequatur in.',1,'1977-02-27 07:43:38','1993-05-04 14:45:46'),(263,68,75,'Fugiat et autem omnis recusandae nihil. Quos asperiores ullam amet qui quo libero. Ipsum aut fugit perspiciatis ea quo facilis. Tempore quibusdam atque non quod sit ipsam cumque vero. Qui ut commodi ut officiis dolorem.',0,'2015-11-28 10:40:47','1970-06-22 06:57:49'),(264,11,58,'Corrupti corrupti consequatur consequatur possimus. Accusamus voluptas id qui asperiores nemo itaque tenetur. Nam accusamus sit in distinctio cum repudiandae. Ratione enim itaque ipsa inventore. Quam similique voluptatem autem ipsa.',1,'2006-05-19 03:42:05','1986-11-12 07:46:25'),(265,32,15,'Quos tempore quae sit blanditiis labore. Ut recusandae et beatae illum. Aut error cumque facilis vel atque odit iste. Qui incidunt quasi rem quo amet.',1,'1970-12-23 04:45:43','2006-08-02 09:28:29'),(266,65,21,'Debitis est distinctio saepe. Iure iusto sunt architecto quo culpa. Ratione omnis laboriosam facilis culpa vel est iusto.',1,'1971-04-09 23:45:51','1985-01-03 07:47:37'),(267,28,4,'Et ut eos corporis et. Repellendus eveniet assumenda quis porro veniam. Voluptates aliquid soluta eaque sed dolores. Et id ab est veniam et fugit.',1,'2009-01-11 13:28:44','1978-01-14 02:12:18'),(268,47,52,'Nam ut rerum sequi id et eos magni. Esse rerum blanditiis expedita labore at perferendis. Fugiat non velit consequatur cum velit mollitia. Eius est numquam architecto.',0,'2004-04-16 21:18:58','2017-02-26 20:26:02'),(269,5,87,'Vero voluptatem nisi fugiat assumenda ea. In tempore est laboriosam eius quam laborum sit eum. Aut soluta minus porro quas qui error.',1,'1986-08-19 10:16:17','2019-06-17 10:08:24'),(270,89,17,'Officia mollitia nulla aliquid quisquam dignissimos. Inventore aliquid ullam tempore laborum. Optio est et sunt pariatur. Minima sit earum culpa deleniti commodi.',1,'1998-03-05 06:53:10','2004-11-19 22:07:36'),(271,38,87,'Est quia sed vel et ea. Itaque quisquam ex rerum architecto. Laborum repellendus excepturi facere doloribus laborum adipisci optio.',0,'1997-01-11 00:34:27','1993-06-03 15:54:53'),(272,15,2,'Optio quisquam ut doloremque perferendis. Qui vitae aut omnis velit. Atque ex eaque asperiores ut aut.',1,'2019-11-27 12:36:57','2020-04-29 23:28:39'),(273,67,35,'Deleniti omnis tenetur ratione ratione ipsa omnis. Est aut praesentium esse nobis et. Animi eius alias culpa et et minus libero. In rerum eius ut.',0,'1990-12-14 04:33:37','2005-08-04 01:00:54'),(274,41,81,'In tempore alias maxime doloribus deserunt cum non. Qui et aut vel asperiores et sunt. Voluptatum voluptas inventore libero aut exercitationem.',1,'1992-05-17 14:45:12','2010-04-12 19:00:19'),(275,48,96,'Laudantium amet saepe quia assumenda facilis. Non odit exercitationem ad explicabo reiciendis odit eum. Sunt natus est placeat ipsa blanditiis alias.',1,'1999-08-15 14:40:36','1999-11-27 08:10:52'),(276,50,3,'Et aut dolorem praesentium laborum aliquid. Sed adipisci recusandae aut neque atque. Sapiente eos saepe possimus velit. Aut labore voluptatum saepe accusamus atque.',1,'1998-11-28 04:28:26','2002-08-11 14:04:46'),(277,74,61,'Non est eum consequatur saepe explicabo consequatur. Ipsa deleniti qui possimus et aut qui. Totam error illum incidunt corporis pariatur natus.',1,'1996-03-18 08:56:14','2013-10-14 00:23:29'),(278,88,42,'Dicta ullam omnis ea ea odit sint quae natus. Sint beatae et eum expedita iste dolorum non.',0,'1973-06-20 14:58:32','2009-07-19 16:35:23'),(279,36,99,'Illum unde est nesciunt aut. Nulla dolor voluptate a est. Asperiores non libero quibusdam reprehenderit sit necessitatibus voluptatem. Corrupti consequatur consequatur et recusandae veritatis tenetur explicabo. Ut expedita ut numquam molestias.',1,'2004-10-08 12:46:28','1982-02-11 03:25:26'),(280,99,68,'Perferendis tenetur et voluptates odit. Dolor nam iure officiis qui. Voluptas id voluptate velit sed aut vitae quidem.',1,'1997-03-09 15:40:33','2016-02-13 23:26:18'),(281,13,64,'Voluptatibus odio recusandae similique voluptates. Et at iste perspiciatis iste et eius officia. Quibusdam a fugiat ut accusamus repellendus esse facere. Est placeat maiores quia.',1,'1970-04-15 18:20:01','1988-08-16 04:42:14'),(282,88,41,'Qui et rem facilis possimus perspiciatis voluptas autem. Libero voluptatem odit est laborum magni. Non totam consequatur officiis qui qui sunt.',1,'1979-08-22 10:15:42','1992-03-14 23:54:38'),(283,67,34,'Odio minus vero totam laudantium. In maxime omnis dicta sit sapiente facilis. Nulla qui et dolorum placeat tenetur qui. Fugiat vitae minima aut modi. Neque dolor id numquam ullam id ab.',0,'1974-02-07 00:45:02','2010-03-13 21:28:22'),(284,92,71,'Reiciendis fugit aut ipsam soluta quia non. Et ad expedita at ab quia magni. Consequuntur in iure dolores. Eos aut saepe consequatur autem. Omnis a velit voluptas maxime porro dolorem quia.',1,'2010-02-12 19:43:06','1973-09-10 00:52:30'),(285,21,81,'Repellendus quidem cupiditate quibusdam qui a ea. Aut commodi enim odio voluptatem.',1,'2005-10-19 22:20:49','2013-07-09 11:19:19'),(286,87,58,'Consectetur tempore ad repudiandae consequuntur expedita officia molestias. Explicabo quia ea labore et est explicabo. Qui sunt ut fugit quidem quia labore sit nulla.',0,'1996-11-23 23:23:11','1987-07-02 03:45:30'),(287,67,2,'Quo reiciendis quis animi autem non et eos. Dolores culpa repellat possimus architecto esse rerum a. Et magnam iusto dignissimos et sunt.',1,'1993-11-12 20:35:10','1971-04-07 08:55:51'),(288,60,34,'Qui ea nam voluptatem vel et voluptatem inventore. Voluptate voluptas nostrum deserunt dolorem eaque. Cumque deserunt corporis ex adipisci officiis qui. Eaque sit nulla tempora rerum dolor.',1,'1985-10-12 04:12:30','2017-05-07 14:47:19'),(289,36,1,'Suscipit tenetur quis placeat. Iure dolorem quam aliquam deleniti omnis tenetur aliquid. Pariatur nemo qui iste dolorum ex est sint vel. Omnis omnis perspiciatis voluptatibus.',0,'1992-04-08 16:50:28','2010-01-20 21:14:45'),(290,14,84,'Dolores unde et commodi ad ut. Totam eveniet explicabo earum voluptatem qui molestiae. Sit qui vel omnis.',0,'1986-10-09 10:20:30','1983-08-22 03:01:56'),(291,96,64,'Unde rerum qui repellendus qui necessitatibus in nobis. Quo autem quasi autem aspernatur enim consequatur quia. Perspiciatis doloribus non quis consequatur cumque veritatis.',1,'2016-11-23 10:51:42','1980-08-06 23:08:57'),(292,86,70,'Fugit iusto atque necessitatibus occaecati doloremque molestiae. Consequatur dolorem sit eligendi ea deserunt distinctio et. Omnis quibusdam quos in rerum ratione consequatur hic.',1,'2020-12-26 07:23:15','1979-07-24 00:15:43'),(293,25,74,'Minus ipsam aut rerum at et perferendis officiis. Quae dolorum tempora consequuntur at. Eos vel aut cupiditate ipsa. Voluptas nam dicta qui cupiditate similique et nemo.',1,'2018-09-29 22:54:01','2012-08-09 12:00:24'),(294,12,60,'Ut adipisci qui dicta itaque consequatur eum qui. Sunt qui eius et consequuntur. Deleniti voluptatem debitis magnam quo provident quod. Et quos voluptatibus ut iste.',0,'1996-11-15 10:41:37','1975-09-12 08:33:50'),(295,72,11,'Accusamus illum libero impedit qui aperiam. Ex aspernatur repudiandae aut est nisi mollitia. Odio iure est voluptatem consequatur.',0,'2014-05-06 05:51:13','2008-06-22 06:35:25'),(296,27,85,'Temporibus dolorum sunt iste et qui ex vel atque. Et adipisci labore aut dolorum ullam ea veritatis.',0,'2012-05-07 09:17:31','2020-10-23 02:36:21'),(297,74,15,'Tenetur dolorum recusandae aut et qui debitis. Non reprehenderit error est quia consequatur aliquam. Consequuntur libero a labore.',1,'2014-01-19 10:20:30','2017-08-09 15:29:39'),(298,25,40,'Dolorum qui reiciendis eligendi facilis. Et sint ab officia nemo. Omnis assumenda iure et.',1,'1986-10-28 02:18:44','2006-06-28 22:50:50'),(299,48,17,'Veniam illum voluptatum numquam magni. Suscipit omnis illum ipsum quo nisi aliquid. Soluta quisquam dolorum minima id omnis at. Dolore id sint vel aspernatur quia eveniet dicta.',1,'1991-03-11 14:44:30','1979-08-14 00:22:06'),(300,11,69,'Ut explicabo enim blanditiis quo cum. Voluptas autem iure fugiat quasi porro accusamus.',1,'1982-07-29 04:25:57','2004-01-09 15:40:38'),(301,97,98,'Distinctio quo ea rerum corporis nihil vitae. Quaerat debitis sed incidunt voluptate sit. Blanditiis quis repellendus ipsa at. Ipsam magni est id sed.',1,'2009-10-11 03:28:48','1981-07-14 04:12:08'),(302,27,64,'Ut est neque alias consequatur et. Voluptatem repellat ex molestiae ut delectus minus. Voluptas id quia nulla laborum facilis.',0,'1999-09-02 23:47:24','2004-12-02 10:37:30'),(303,99,86,'Tempore molestias voluptas qui aut ut quod praesentium. Quos magnam accusantium iste similique. Provident repellat officia consequatur suscipit et neque qui. Distinctio consequatur accusantium dolore enim sequi.',1,'2021-02-11 07:11:05','1975-06-07 05:51:09'),(304,97,35,'Nesciunt et et unde. Culpa est quod officiis. Exercitationem in natus quam eos expedita. Incidunt doloribus ullam aut quae omnis nesciunt.',0,'2010-04-28 17:27:44','1981-02-12 13:21:11'),(305,86,11,'Aut amet dolore nisi ex eligendi quos. Autem ut aut recusandae repellendus suscipit corrupti. Dolor tenetur atque explicabo sit cum non dolores. Cupiditate sunt rerum consequatur placeat.',0,'2003-06-19 07:04:04','2002-08-23 04:47:56'),(306,18,82,'Corporis molestiae dicta sequi tempora voluptas ad. Fuga iusto suscipit in aliquid quidem similique aut. Aut dolore quo et.',0,'1972-01-11 05:41:34','1980-11-03 12:46:16'),(307,74,4,'Temporibus pariatur rem quisquam nam enim quos repudiandae. Est voluptatum praesentium consequatur facere commodi. Assumenda saepe molestiae voluptate temporibus soluta eligendi enim. Excepturi qui eos saepe est et.',0,'2010-11-24 01:55:04','1971-12-20 20:29:18'),(308,51,98,'Cupiditate quaerat dignissimos praesentium magni. Itaque rerum minus a. Sit laudantium voluptatem pariatur omnis. Dolores qui tenetur corporis perferendis odio.',0,'1978-04-09 18:40:10','1975-03-13 23:31:19'),(309,77,63,'Dolore occaecati ipsam dolores voluptas autem ut et. Saepe sed occaecati qui voluptatem doloribus. Dolorem sunt sunt praesentium. Provident maiores porro quaerat nisi quam et veritatis.',0,'1976-08-17 06:02:10','2018-01-30 22:06:47'),(310,58,49,'Id nobis est qui et ex qui. Et provident aut aperiam architecto ut. Ratione similique omnis molestiae ut qui sed necessitatibus omnis. Voluptatibus vel officiis repellendus.',1,'1995-05-16 15:40:40','2020-08-17 21:39:34'),(311,73,84,'Quia quas rerum rerum provident vel placeat. Laudantium et exercitationem debitis iusto consequatur. Vero rerum necessitatibus eos nulla fugit eos quos et. Neque illo dicta beatae.',0,'1984-01-23 13:05:53','1989-01-27 06:16:45'),(312,33,46,'Amet aut pariatur ullam aut rerum odio. Tempore in non itaque voluptatem eaque et labore. Qui cupiditate totam maxime aut enim.',0,'2013-05-20 09:40:20','1988-10-15 20:35:27'),(313,98,58,'Quas voluptatem et quia dolorem cupiditate minus itaque. Nisi nesciunt praesentium nostrum. Recusandae animi sunt assumenda tenetur sint. Et non labore asperiores assumenda voluptas.',0,'1975-02-06 04:03:28','2001-05-15 13:24:49'),(314,86,46,'A perferendis dolore iste ex quia. Enim ut doloribus dolore sed. Beatae quia dolor sed. Eveniet cupiditate qui et incidunt nihil. Tenetur animi sit quis.',1,'2007-11-22 03:58:53','1992-03-16 05:35:10'),(315,74,97,'Quia et minima laboriosam modi aliquam aliquid saepe. Consequatur nisi sint id expedita ea voluptas. Repellat ullam ut porro ratione non ut impedit.',1,'2002-09-01 15:07:19','1995-09-04 14:08:13'),(316,14,70,'Illum quia minus repudiandae enim non. Nihil voluptas rerum soluta consectetur voluptas et. Veniam repellendus sunt aliquid odit consectetur. Aut vel aspernatur impedit est.',1,'2001-01-24 04:57:18','2003-04-15 20:00:04'),(317,94,40,'Id non recusandae sit possimus et consectetur. Repudiandae quis perferendis quaerat.',0,'2009-02-17 01:42:30','1987-02-18 11:48:07'),(318,33,93,'Dolorum est corrupti aut omnis aut et qui. Veritatis voluptatum voluptatem reiciendis voluptatum. Quibusdam non accusamus minus illum dolorum.',1,'2006-12-09 10:55:07','1989-03-30 20:28:57'),(319,25,30,'Amet impedit voluptatem porro sed consequuntur ut velit. Animi quasi earum et magnam. Excepturi ducimus adipisci minima iure. Minima hic perspiciatis sequi et.',0,'1976-01-17 15:40:35','2018-06-14 22:48:53'),(320,27,11,'Excepturi ad hic aspernatur veniam debitis dolor aspernatur minima. Quas culpa qui qui aspernatur omnis quia natus. Sunt quis consequatur vel rerum. Assumenda blanditiis officiis nulla qui.',0,'1989-02-21 08:51:48','1991-07-13 17:17:42'),(321,40,45,'Libero ut qui atque qui et culpa. Dicta sunt sequi est ullam excepturi. Distinctio cumque ipsam et eligendi.',0,'1999-11-01 08:14:34','1988-05-27 20:51:38'),(322,93,14,'Modi pariatur est architecto mollitia alias at. Et ut deserunt aut quasi ipsa doloribus deleniti sed. Neque a aspernatur rerum hic qui harum.',0,'1998-09-14 15:25:30','2001-04-16 15:22:25'),(323,48,44,'Dolorem veniam omnis illum commodi pariatur harum. A assumenda est voluptatem aliquam eaque. Id saepe soluta facere.',0,'1994-03-01 23:10:23','1972-07-18 17:52:13'),(324,11,25,'Voluptas ut dolor sit corrupti ipsum esse. Expedita consequatur est consequatur alias sit. Sed iusto et ut voluptas. Consectetur consequatur tempore tempore officiis.',0,'2014-07-03 10:36:07','1996-06-29 10:26:06'),(325,6,69,'Doloribus porro dolor velit rerum eius. Quis esse dolores eos explicabo vel et assumenda. Molestiae praesentium distinctio dolorem harum.',1,'2004-05-16 12:48:38','1997-08-24 11:04:02'),(326,73,78,'Iusto corrupti et ut numquam odio blanditiis. Praesentium perferendis ut cum nisi veritatis eos esse.',0,'2017-09-11 18:34:48','1988-11-15 18:27:43'),(327,52,6,'Explicabo consequuntur deleniti rerum. Exercitationem quia autem sit fuga rerum ipsa in dolorem. Adipisci et sequi vitae consequatur. Consequuntur omnis omnis placeat est ipsa.',1,'1970-08-14 07:34:59','2004-06-29 18:30:14'),(328,24,50,'Nesciunt fugiat nihil accusamus. Odit vel delectus eum dignissimos. Et libero iure corrupti eius esse iure voluptatem.',0,'2001-11-02 09:17:07','1993-07-25 01:29:40'),(329,63,9,'Rerum incidunt quibusdam ut necessitatibus delectus sit. Earum voluptatem sapiente consequatur maxime ut ut. Quisquam perferendis consequuntur voluptas sit ea.',1,'2016-10-18 14:59:25','2012-03-31 11:01:57'),(330,95,36,'Et non ut excepturi. Saepe nesciunt voluptatem inventore in enim quasi. Non sint aspernatur omnis temporibus. Similique qui minus possimus dolores.',0,'1979-10-15 08:13:41','1998-11-07 11:47:07'),(331,5,9,'Autem id eligendi sed ut aliquam voluptatem et. Eius labore placeat commodi hic pariatur commodi. Inventore velit consectetur rem rerum ut.',1,'2010-09-25 16:24:16','1999-05-05 19:48:11'),(332,6,99,'Mollitia itaque assumenda vitae corporis aut nostrum. Assumenda vero sequi totam voluptatem praesentium nihil rem ex. Nisi reprehenderit rerum velit. Ut saepe corporis expedita vel aliquam voluptatem.',1,'1991-12-19 10:25:18','1986-10-08 21:05:24'),(333,48,39,'Porro dicta sed possimus necessitatibus suscipit optio maxime sit. Qui voluptas eius adipisci laborum quisquam natus quasi. Totam laboriosam explicabo accusantium quae aut quasi.',0,'2005-11-12 08:23:32','2018-05-30 15:51:19'),(334,91,73,'Ullam corporis nostrum nihil est voluptatum a. Repellat aperiam suscipit delectus rem. Maxime voluptas voluptatibus voluptas.',1,'1998-07-24 19:42:04','2005-12-12 20:50:42'),(335,68,17,'Quia est est similique odit. Qui sapiente et nulla cum officia est doloribus. Iure consequatur ea iure.',0,'2012-03-28 00:11:02','1997-09-29 00:44:39'),(336,84,7,'Aut iste quae ab blanditiis mollitia dignissimos. Aut voluptates rem rerum velit.',1,'1977-05-10 12:06:24','2012-09-30 18:14:12'),(337,62,76,'Alias sint maxime consequuntur aperiam nam. Et nulla mollitia doloribus beatae. Ipsum eligendi consequatur vero laudantium. Similique iste dolores aut voluptates a molestias.',0,'1980-11-11 09:15:18','2011-10-18 01:09:52'),(338,20,10,'Iste facere dicta eveniet. Labore molestiae minima nulla.',0,'1987-05-07 20:08:04','1994-04-05 09:04:32'),(339,19,31,'Quae quisquam ex quisquam. Deserunt amet est impedit asperiores tempore laboriosam.',0,'1973-09-13 02:09:43','1993-01-23 09:09:57'),(340,34,25,'Animi doloribus numquam molestiae sit neque. Nesciunt amet tempore expedita voluptatem eius praesentium. Illum molestiae odit deleniti fugiat vel fugiat explicabo saepe.',1,'2017-11-23 19:14:35','2012-04-09 19:22:39'),(341,100,7,'Quasi in distinctio quia molestiae blanditiis voluptatibus iure nobis. Mollitia quia necessitatibus aut ut totam. Cum non et accusantium vel eos.',0,'1971-09-04 00:30:26','1996-03-12 17:28:32'),(342,2,51,'Ut quibusdam at eius rerum suscipit mollitia exercitationem cumque. Nihil magni officiis est. Magnam culpa amet est. Aspernatur id nihil voluptatem qui exercitationem quia.',0,'1990-11-05 21:22:30','1998-02-10 21:31:30'),(343,12,25,'Ratione enim quia excepturi laboriosam unde. Eos esse porro exercitationem reiciendis enim aliquam laborum. Et unde labore sed minima sit autem enim alias. In sit accusantium cum non at voluptatem.',1,'2020-04-13 12:12:53','2018-10-21 02:19:48'),(344,100,75,'Eaque nulla possimus corporis qui sapiente. Sit aliquam aut suscipit ducimus.',0,'1984-11-12 03:52:56','2002-11-17 01:33:35'),(345,34,95,'Voluptas dicta saepe sed non tempora quaerat vitae. Ducimus quis natus beatae. Doloribus maxime et labore delectus eum. Nisi alias incidunt sed blanditiis qui eveniet rem quis.',1,'2001-08-04 17:24:34','1986-03-25 04:57:38'),(346,11,39,'Omnis aut aliquam aut sapiente. Voluptas veritatis et sequi sed. Ut sunt nisi atque consectetur nemo eos culpa fuga.',1,'1990-10-13 00:15:48','1978-05-21 13:18:41'),(347,3,16,'Non explicabo libero dolor magni fuga aut. Modi odio alias quia beatae. Saepe soluta commodi voluptas illo eaque exercitationem.',1,'1981-02-24 13:48:36','1985-06-27 09:17:03'),(348,37,51,'Ad possimus dicta illo quas. Et ut at ut qui vero. Architecto hic officia tempore dolores. Explicabo magnam veritatis ratione ut eveniet a.',1,'1974-07-07 05:34:35','1974-11-19 05:54:53'),(349,55,27,'Eveniet officia fuga possimus quasi tempore. Velit beatae aut hic vel. Molestias dolor reiciendis quasi iure amet esse. Voluptas autem hic iste consectetur veniam.',0,'1970-01-08 11:01:21','1986-04-14 01:39:20'),(350,23,23,'Qui quo dolorem odit consequatur. Quidem quia ea quibusdam adipisci ut inventore est. Ad est sint eum iste voluptatibus ad ut.',1,'1979-07-27 01:31:02','1971-02-28 08:13:38'),(351,44,6,'Ad ea dolorem numquam illo. Ea qui et itaque sed qui est ex. Nam id non consequuntur dolores culpa labore temporibus.',0,'2017-05-23 16:17:33','1991-06-17 11:42:29'),(352,30,5,'Consequuntur et eos et modi nulla. Incidunt sed fugiat harum aliquid qui. Quia ad aut tenetur itaque et voluptas.',0,'2014-03-18 20:29:52','1983-02-05 08:08:53'),(353,82,50,'Id asperiores maiores non autem temporibus deserunt. Recusandae cumque vero iusto optio beatae architecto. Odio ut voluptas sunt provident ea possimus. Eligendi a consequuntur et ut qui odit dolorem.',1,'1985-05-22 20:18:11','1994-07-29 17:29:30'),(354,15,1,'Qui nostrum dolores itaque beatae sed molestias aspernatur. Quam aut iste illo non quod quo. Eaque facere omnis perferendis velit quam laboriosam rem. Ut tenetur incidunt deserunt.',1,'2019-11-29 12:45:29','1987-07-19 05:58:58'),(355,80,48,'Aut doloremque dignissimos explicabo fuga libero saepe in. Sint libero maiores dolores et hic modi et.',1,'1978-01-27 05:52:28','2018-01-13 05:32:50'),(356,25,80,'Est officiis dignissimos occaecati architecto. Eius laboriosam explicabo sunt tenetur debitis quia minima. Consequatur nostrum voluptatem fuga adipisci mollitia quia omnis. Totam illum ea sint ipsam.',1,'2010-08-11 04:11:15','2018-09-20 15:26:20'),(357,54,27,'Dolorum aspernatur et accusamus aperiam. Officiis perspiciatis fugiat et. Quisquam vero voluptatem eos eos. Earum expedita aut eligendi eos placeat.',1,'1998-05-07 23:22:23','1994-05-30 15:31:45'),(358,30,66,'Asperiores vitae dolor architecto maxime. Ut cupiditate ut cumque placeat eligendi. Incidunt nam consectetur et repellat. Et non est labore.',1,'2005-06-30 04:02:58','2020-03-27 01:48:50'),(359,52,30,'Eaque reiciendis ipsa et quis excepturi. Omnis sint quibusdam dignissimos excepturi rerum rem ut velit.',0,'2011-05-10 17:04:40','1986-03-19 06:30:39'),(360,40,85,'Molestias tenetur omnis voluptatem. Inventore voluptas quasi sequi fugiat. Eligendi et assumenda quis itaque. Maiores veritatis facilis quasi laborum porro repudiandae enim.',0,'1975-11-01 19:48:02','2019-05-08 10:55:03'),(361,25,50,'Deleniti aut nesciunt ex odio. Accusantium fuga accusamus quia qui exercitationem earum. Esse in ab excepturi ratione. Sint ex est rerum soluta dolorem recusandae quam minima. Dignissimos non qui dolore cum reiciendis explicabo iste.',1,'2000-07-20 08:54:26','2017-05-21 07:11:08'),(362,24,27,'Reprehenderit cumque consequatur adipisci tempora laborum quis. Laudantium eum quis in est.',1,'1991-09-04 03:51:31','2005-06-22 01:45:44'),(363,66,60,'Libero est explicabo facilis illum maiores. Quasi dolorem possimus totam inventore soluta ea nam. Dolor aut quo ipsa quaerat tempore. Adipisci ea possimus sequi eaque quis.',0,'1973-11-18 21:47:42','1990-04-19 05:00:44'),(364,78,21,'Ut atque molestiae eos iusto ea voluptatem. Recusandae dolores adipisci tempora commodi. Nihil perspiciatis quidem ad. Explicabo in laboriosam sed itaque.',1,'1994-10-13 23:15:04','2010-02-22 16:58:24'),(365,87,100,'Tempore illum officia velit. Tempora optio quia ea qui et corrupti suscipit. Ea vel vero voluptas illo nihil voluptas.',0,'1992-06-29 23:11:14','1970-03-03 08:56:14'),(366,43,31,'Officiis similique ipsam accusamus. Eligendi molestiae sed porro reprehenderit. Non sapiente repellendus doloribus.',1,'1986-03-01 17:32:15','1977-07-13 01:13:31'),(367,6,72,'In voluptas soluta velit aut et error. Et nobis consectetur et ullam quia quaerat reiciendis corrupti. Rerum sit sed eos et itaque. Quod est corporis omnis et.',1,'2001-01-11 21:17:40','2010-09-09 13:23:26'),(368,36,88,'Qui ut excepturi alias debitis voluptatem ducimus et. Voluptatem cum molestiae placeat praesentium excepturi autem.',0,'1992-07-26 07:02:01','2000-10-18 21:22:23'),(369,21,50,'Consequatur eligendi maiores consectetur aut. Molestias asperiores soluta reiciendis occaecati iste. Aperiam aut qui quis quidem sunt ea inventore accusantium. Mollitia sint labore odio doloremque quaerat quidem et. Sint ea consequatur nisi beatae molestias.',1,'1997-05-14 20:44:55','2007-03-06 07:14:18'),(370,88,1,'Mollitia et in quia nemo. Dolorem atque aut qui enim dolor. Asperiores quibusdam eos qui ut ipsam rerum. Ut non voluptatem deleniti fugit vitae.',1,'1990-08-10 04:05:48','2005-08-04 06:13:10'),(371,97,13,'Ut quos debitis iste dignissimos. Corporis minima error sed quos aut dolor. Dolores voluptatem explicabo eveniet nesciunt. Rerum mollitia accusantium adipisci et.',0,'2004-06-08 19:56:29','2012-08-30 20:24:26'),(372,80,51,'Iure quisquam doloribus est. Officia aut quibusdam consequatur beatae. Quis ducimus et eum occaecati reprehenderit architecto accusantium.',1,'1987-07-09 18:34:25','2020-10-09 17:03:41'),(373,39,10,'In deserunt ut dolor rerum. Ut nihil aut ut sapiente. Omnis ea minima dolorem et ea ut.',0,'1983-02-14 15:27:21','2018-12-21 04:50:22'),(374,17,90,'Dignissimos corporis voluptas id et debitis. Recusandae illo assumenda tempore aut ut tempore. Vitae eum ratione est soluta. In voluptas nisi repellendus libero unde.',1,'1983-12-23 23:00:25','2004-04-02 07:38:50'),(375,40,56,'Atque quia aspernatur repudiandae tempora nisi. Qui et sed asperiores nostrum maiores. Repudiandae aut numquam assumenda pariatur consequuntur est.',1,'2018-07-28 21:13:51','2010-01-31 07:10:27'),(376,75,64,'Voluptates et quia est est quasi consequatur. Expedita odio vel rem minus. Quasi commodi repellat minima et dolor sapiente veniam. Minus voluptates deleniti saepe adipisci.',0,'1986-12-17 20:27:11','1978-08-08 09:51:01'),(377,6,98,'Qui eius maxime non nostrum. Est explicabo minus assumenda quas. Ducimus deleniti possimus voluptate dicta repellat earum repellendus.',0,'2013-09-19 11:16:23','2002-10-24 20:54:44'),(378,91,72,'Accusantium voluptatem quos cumque ducimus. Dolores eum esse voluptas laboriosam exercitationem placeat. Et maxime vel numquam quasi tempora odio. Quaerat et et quas ut et quia quia.',1,'2016-04-20 12:49:51','2013-02-28 00:08:22'),(379,57,68,'Assumenda similique ab ullam quas harum. Ut eum beatae et hic nostrum quasi. Molestiae explicabo praesentium nostrum distinctio numquam labore quia ex. Neque voluptatibus provident repudiandae magnam reprehenderit. Quas fuga maiores enim consequuntur iure commodi natus.',0,'2016-04-16 01:10:10','2004-10-18 13:54:51'),(380,92,44,'Voluptatem ut dolorum doloremque rerum. Quidem delectus quod adipisci debitis nihil odit optio facere. Sint ut est amet nam est voluptas. Et rerum ullam illo eius repellat.',0,'1987-01-01 10:27:03','1991-08-11 23:20:54'),(381,68,35,'Eum nesciunt non nihil accusamus hic illo. Repudiandae temporibus consequuntur voluptatem vel nulla optio non debitis. Ipsam autem est voluptatem tempora consequatur.',1,'2021-01-27 11:41:34','1973-12-26 01:11:05'),(382,74,74,'Eum voluptatem placeat ducimus aut labore. Odio velit tempore labore dolor. Esse optio dolore amet aspernatur temporibus quidem sint. Quod suscipit quis sit possimus reiciendis aliquam dolores.',1,'1991-11-11 15:57:15','2014-02-25 03:45:49'),(383,6,9,'Est enim corporis aperiam voluptas praesentium corrupti. Laboriosam corrupti temporibus sunt atque. Quis quis eveniet consectetur ad exercitationem.',0,'1971-04-16 11:21:23','2012-10-09 22:23:10'),(384,61,27,'Enim illum ea sunt aliquam cum eligendi excepturi. Et nobis minus repellendus ipsum voluptas occaecati veniam. Est praesentium deserunt cupiditate sunt et saepe voluptate qui. Aut assumenda quod illum sit fuga dolor.',1,'2019-12-05 03:14:48','1992-08-18 07:47:22'),(385,58,49,'Aliquam vero dolorum fugit provident repellendus officia laboriosam. Velit debitis qui suscipit in aspernatur nam ipsa. Voluptas et qui saepe molestias vitae et eos id. Laborum et voluptatem voluptatem iure quia a.',0,'1971-02-04 02:02:31','1986-05-24 07:10:56'),(386,27,55,'Ut id quidem non. Et aut ipsum quia tempore. Vero pariatur eos iusto optio doloribus iste. Repellat aliquid qui sit aspernatur debitis laborum.',1,'2013-08-12 11:19:20','1985-09-04 08:41:39'),(387,61,7,'Est modi ut qui expedita error. Incidunt ipsam deleniti eos vel accusamus placeat consectetur. Ut similique ab odit autem.',1,'1992-01-24 07:42:32','2019-04-23 06:48:01'),(388,6,100,'Enim eaque doloribus accusantium quod et ducimus. Voluptatem non sunt unde sed. Esse dolores quo ratione quia rerum id enim asperiores. Ut doloremque cumque in.',0,'1996-03-02 15:13:29','1988-02-15 17:06:56'),(389,16,22,'Aspernatur non unde quo dolor ut et rerum. Qui esse expedita culpa. Et harum fugit asperiores reiciendis. Laboriosam repellat neque et dolores.',1,'1983-03-28 00:22:27','1975-10-24 21:53:41'),(390,89,56,'Numquam nihil rem saepe placeat ipsum. Enim natus aut at qui quo soluta. In corrupti nisi ut tenetur nisi. Et eum ipsa praesentium et.',1,'1979-11-04 08:48:07','1990-09-11 00:19:23'),(391,78,63,'Qui corporis totam numquam qui voluptatum. Voluptatem consequatur rerum recusandae et et nisi illo et. Voluptatibus aut hic voluptatum quo. Est non id deleniti veritatis et quod voluptatum a. Quos facere ut est necessitatibus quisquam dolorem quam.',1,'1970-01-10 15:45:43','1997-04-24 11:17:06'),(392,19,84,'Eos quia tempora in mollitia doloremque dolore. Itaque magnam in inventore animi. Deleniti fugit eveniet omnis sed laudantium. Ad optio molestiae sint ipsum.',0,'1981-01-08 19:57:51','2017-10-27 20:19:28'),(393,61,9,'Ipsa non vitae consequatur provident non ipsa sequi. Maiores repellat odio accusamus dolore error non. Possimus quia autem minima fugit sint at ea.',1,'2018-09-24 14:17:23','2003-08-29 01:20:44'),(394,55,17,'Quia ad quod ullam doloribus suscipit ut. Est labore et et. Praesentium aperiam officia cumque eum. Placeat ut aut ratione quia quo rem earum voluptas.',1,'2003-01-29 13:46:27','1997-02-04 12:31:30'),(395,77,47,'Iste sapiente ut tempora nihil aut. Qui voluptatem molestiae delectus dolores.',0,'1975-07-11 01:19:52','1974-12-29 10:41:57'),(396,60,44,'Ratione vel totam beatae velit similique est. Libero vel eaque ipsam repellat eos commodi. Deserunt in distinctio quibusdam provident architecto consectetur.',0,'1996-07-12 17:08:18','2014-03-17 06:56:51'),(397,81,34,'Assumenda et sit non fuga. Labore sed dolores doloribus aut. Velit accusantium velit fuga consequatur molestiae et ipsa quos.',0,'2019-10-13 09:20:29','1993-11-15 11:18:18'),(398,18,87,'Qui doloribus et eum iusto dolorem. Sint aspernatur facere inventore corporis id. Quis dolores dolores et eum. Molestiae nihil qui ipsam in.',1,'1991-01-19 13:29:40','2013-02-28 08:55:02'),(399,42,79,'Quibusdam vel vel et perferendis accusamus. Dolorem maxime est nam. Dicta maxime non eum ut nostrum nostrum. Molestiae accusantium aut autem voluptas.',0,'2020-02-25 02:41:08','2012-08-16 11:02:16'),(400,13,100,'Tempora dolorum officiis quos ex molestiae. Officiis ut nihil debitis soluta et voluptatem commodi possimus. Ea voluptatem perferendis vel vero pariatur.',1,'1978-12-27 08:30:41','1971-12-12 04:46:46'),(401,27,40,'Mollitia veniam quaerat voluptatibus est voluptatum. Aut qui nisi rem qui aut. Et labore quia nemo libero. Similique blanditiis architecto recusandae voluptatibus aliquam.',0,'1975-01-05 17:19:56','1978-11-10 10:59:00'),(402,55,88,'Ea ut id quasi quidem quam tempora tenetur. Ipsa doloribus et quis ut sit reiciendis et sint. Ad omnis recusandae non quod minima ab quia. Voluptas impedit quisquam ratione sunt ut.',0,'2004-08-01 05:04:16','2003-03-05 09:37:57'),(403,46,60,'Ratione dicta voluptate voluptates dolorem tenetur cupiditate distinctio. Voluptates molestiae sunt in voluptatem atque est quia. Et quidem inventore iusto est commodi. Delectus repellat nihil dolor et commodi. Voluptates suscipit sunt sequi expedita blanditiis.',1,'2019-04-01 17:03:03','1979-01-09 11:53:02'),(404,87,62,'Deserunt illo earum qui exercitationem sed et officiis quod. Autem et ab voluptate recusandae qui. Recusandae iste architecto impedit et repudiandae. Recusandae voluptatem perspiciatis quaerat quod rem ab reprehenderit quo.',0,'1982-05-31 20:08:46','1989-01-10 05:00:34'),(405,82,76,'Omnis ab impedit exercitationem consequatur. Alias quia necessitatibus nihil id aliquam atque numquam. Vero sapiente placeat inventore et enim aut sint. Et autem quod repudiandae at ut aut labore.',0,'1989-01-09 05:53:42','1994-06-16 05:07:56'),(406,18,59,'Minus voluptatem non qui qui voluptatem natus. Iure ipsum vel explicabo porro ducimus. Nobis qui voluptas voluptas enim cumque voluptatem.',0,'2004-12-29 20:39:28','2000-06-02 12:57:17'),(407,39,36,'Velit quisquam expedita tempore temporibus non. Voluptatem id quam ut. Voluptatibus ea praesentium saepe debitis sapiente provident omnis.',1,'1974-04-14 23:25:12','1995-10-09 11:36:17'),(408,43,99,'Cupiditate cupiditate et in quia itaque laboriosam beatae. Id eos suscipit dolores repellat animi. Voluptas iusto ratione quisquam ipsam repellat sed et. Tempore incidunt sit quaerat incidunt.',1,'1987-04-05 14:57:07','2017-02-01 15:30:27'),(409,45,97,'Enim eligendi culpa error officia tenetur. Dicta repudiandae deserunt labore quos officiis officiis. Nulla quidem et molestiae explicabo. Et sit cupiditate quia dignissimos.',0,'1973-07-11 18:46:51','1973-09-12 21:45:38'),(410,15,21,'Hic quod recusandae accusamus officiis laboriosam. Maxime aliquam sequi minus provident omnis vitae. Sint officia impedit perspiciatis ipsum aut.',1,'2007-10-07 01:03:18','1971-03-15 18:56:12'),(411,44,75,'Ea illum modi nihil id qui sunt atque. Non laboriosam fugit corrupti sint nisi. Quia vero quis neque provident sint maxime. Neque quaerat mollitia rem mollitia.',1,'2014-08-21 20:18:48','1991-06-15 20:37:41'),(412,65,24,'Qui et beatae aliquid expedita. Repellendus aut omnis id et necessitatibus praesentium tempora. Maxime magni rem id ipsam quis.',0,'1997-06-24 13:49:58','2015-02-10 20:32:10'),(413,8,82,'Commodi eveniet et natus. Unde similique et saepe iste commodi. Consequatur nemo molestiae nesciunt quasi saepe facere.',0,'2015-02-25 00:54:02','2009-02-13 15:08:05'),(414,11,50,'Consequatur iusto temporibus unde magni dolore deserunt. Nesciunt commodi omnis possimus quos et. Reprehenderit dignissimos et aliquam neque quis. Omnis enim eos ut ut.',1,'1971-10-19 07:36:07','1982-12-18 16:00:42'),(415,60,23,'Cupiditate sapiente veritatis enim harum maxime rerum tenetur. Dicta et ipsum quia animi maxime perspiciatis. Necessitatibus nulla occaecati ea odit est. Exercitationem doloremque repellat aut delectus fugiat dolorum eos est.',0,'2006-10-15 07:27:54','1984-09-29 11:31:16'),(416,50,86,'Ab sequi dignissimos laboriosam reiciendis aut unde ut. Id et inventore facere consequatur. Quaerat temporibus rerum dolorum. Molestiae laudantium voluptatem laudantium molestias.',0,'1975-09-17 16:32:24','2006-01-24 17:02:16'),(417,62,4,'Ipsum eum et cumque omnis corporis rerum. Autem id minus iusto et soluta pariatur. Vel aut officia sed fuga natus et ex quas. Voluptate est laboriosam laboriosam iure dolores quia.',0,'1997-10-18 08:49:19','1983-02-11 15:58:41'),(418,74,8,'Dicta id ut nihil modi consequatur sint fuga. Quidem sint recusandae id unde eius debitis distinctio. Eius qui commodi culpa.',1,'2002-06-10 05:11:39','1972-07-12 04:51:25'),(419,63,61,'Fugit nesciunt quidem quae ut quod. Sed veritatis et tempora impedit facere quas velit. Laudantium eius in dolores quasi.',0,'2006-08-12 19:43:36','1984-09-11 00:01:44'),(420,70,44,'Minima sunt amet molestiae odit reiciendis odio dolores. Earum nobis non sequi minima. Voluptas ut et quae sint veniam repudiandae rerum aut. Id blanditiis consequatur dicta tenetur praesentium consequatur.',0,'1981-10-16 11:11:50','1973-01-02 16:36:03'),(421,36,87,'Voluptates mollitia quo hic consequuntur reiciendis. Expedita dolor totam sed et natus autem. Repellendus quia ut reprehenderit non ut soluta.',0,'1971-06-08 00:07:40','2018-10-30 01:13:27'),(422,3,74,'Quos cupiditate fugit sint et voluptatibus libero. Minima voluptatem magni vero quisquam. Numquam aliquam id voluptatem maxime sint dolorem rerum.',1,'2011-06-13 09:15:00','2003-11-25 23:10:37'),(423,23,45,'Voluptas alias consequatur blanditiis et voluptatum id. Sit aut fugiat suscipit explicabo ullam quibusdam. Rerum qui voluptatem optio nihil sed. Quos velit dolor qui et quia quia reprehenderit.',0,'1998-04-14 18:56:56','1987-10-21 01:59:46'),(424,72,67,'Incidunt natus error molestiae reprehenderit et provident sapiente. Ut totam adipisci impedit dolores id sapiente. Repudiandae accusantium possimus vel ut et voluptatem cum. Laudantium quisquam suscipit ipsam.',1,'1999-07-08 15:35:30','2011-05-17 05:47:38'),(425,42,87,'Aut alias cum ducimus nesciunt ipsum rem. Autem in dicta dolorem iusto.',1,'1988-01-10 15:19:46','2015-03-01 11:15:28'),(426,87,86,'Culpa placeat non id voluptas sequi est odio. Dicta nihil ut nam. Fugiat expedita ut sint dicta dolores recusandae non.',0,'1983-05-04 23:14:07','2019-02-02 17:03:07'),(427,62,51,'Natus rerum molestiae suscipit sequi et eos et. Et at et ad odio fugiat sint sed.',1,'2011-02-15 01:07:27','1979-07-14 16:02:00'),(428,9,70,'Placeat aut aspernatur quia ea vel. Temporibus quia adipisci voluptate voluptatum quidem perspiciatis. Consequatur quis consequatur molestiae.',1,'1975-10-24 12:58:40','1980-05-25 23:29:36'),(429,33,19,'Consequatur qui quisquam architecto repudiandae autem excepturi. Aut aut rem earum ut nobis aperiam. Officiis libero earum sit nihil. Nam vel et omnis aut at enim et.',1,'1980-01-02 20:24:01','1996-03-03 12:35:45'),(430,19,92,'Quis numquam expedita amet ratione amet architecto. Ea quia sint et recusandae non eaque ut. Id inventore quidem hic blanditiis sequi quis sint. Officiis rerum laborum quidem maiores est est.',0,'1996-01-15 08:12:16','2019-01-22 23:26:56'),(431,42,69,'Quibusdam est ullam dolores enim quos quibusdam quia. Aut aspernatur inventore iure dolorum consectetur. Inventore accusantium ratione in aspernatur quia voluptatem.',0,'1993-10-21 07:36:43','2017-02-19 13:10:32'),(432,78,4,'Soluta cum sint est quaerat numquam nihil delectus. Aspernatur ut accusamus delectus corporis qui fugit. Officiis quis quia non vero in.',1,'1972-08-14 06:36:19','2000-07-17 00:54:55'),(433,72,51,'Excepturi vitae vel vitae sunt magnam. Cupiditate in et sequi et doloribus quis. Tenetur non cumque quis delectus dolores laborum.',0,'1993-11-27 08:58:19','2012-01-11 11:07:06'),(434,11,34,'Voluptatem iusto labore facere qui quia accusamus. Exercitationem sed velit odio placeat et. Dolor quia exercitationem autem corporis minima. Et est culpa itaque perspiciatis voluptatem qui autem.',0,'2003-08-10 07:27:32','1999-10-02 05:58:15'),(435,11,81,'Aliquid voluptatum incidunt incidunt quis dolores et enim. Eveniet et enim eaque iste neque et inventore. Corporis enim sit voluptate vitae et ea esse.',1,'1990-12-20 16:53:21','2007-03-14 07:38:36'),(436,78,47,'Labore quibusdam quas et consequuntur ut aut. Necessitatibus alias dignissimos mollitia maiores. Eos dicta voluptas vitae doloremque laboriosam ut. In hic qui veritatis perferendis minima eum quis.',1,'2000-10-23 09:02:11','2011-09-01 22:35:57'),(437,68,80,'Voluptates architecto sunt ratione veniam magnam explicabo perferendis perferendis. Autem delectus mollitia sint dolor voluptatem aut pariatur. Inventore esse necessitatibus blanditiis commodi accusamus nam est.',1,'1980-01-10 17:22:06','1998-11-10 20:39:55'),(438,20,90,'Dicta veritatis est quam veritatis fugiat sunt. Quia hic voluptatem odit atque veritatis quia. Eaque molestiae at beatae dolor facere eum.',1,'1973-02-12 12:35:43','1979-12-06 23:02:02'),(439,25,92,'Beatae molestias suscipit et officia laboriosam nam. Facere est quia asperiores harum quia nam rerum. Quasi corrupti neque consequuntur. Non odio deserunt aut eos architecto sint velit repudiandae.',0,'1978-01-22 08:51:56','1980-05-15 01:22:09'),(440,56,67,'Blanditiis dolor eum animi earum. Et aut et quod dolorem repudiandae illum blanditiis. Et accusamus modi et praesentium sunt.',0,'1979-12-25 18:30:07','1970-02-17 13:53:32'),(441,79,43,'Labore blanditiis aspernatur nam omnis. Quasi nemo molestias odio deserunt. Architecto enim quae sed praesentium voluptates ducimus explicabo. Ut eaque minus quo alias enim optio molestiae ea.',0,'2019-09-29 10:13:25','1998-06-21 12:09:38'),(442,52,40,'Quia vel nam odio. Ducimus sapiente aut quia nulla nihil eius. Laborum occaecati nam consectetur vero molestias cupiditate voluptatem. Et ratione in libero excepturi voluptatem voluptas perspiciatis.',1,'2011-12-23 11:29:09','1990-11-27 22:36:56'),(443,94,61,'Necessitatibus et rerum ut dolorum rerum doloremque. Quod praesentium ea perspiciatis. Commodi suscipit nihil ducimus quam consequatur. Ad ipsum ad earum at nesciunt aut.',1,'2020-08-22 05:38:10','1971-11-18 18:09:49'),(444,10,26,'Mollitia sint voluptatem et et eligendi. Nihil ut ut ipsum et molestiae amet quia. Quam deserunt quia quis a aliquam ex. Ut aut deleniti temporibus qui.',0,'1973-05-20 14:41:17','1980-11-01 12:06:26'),(445,80,29,'Accusantium autem neque aut consequatur dolorum explicabo excepturi. Autem sunt molestias nostrum omnis harum. Reiciendis porro quisquam qui illo. Cum voluptas aliquam dolore explicabo et.',1,'1977-03-11 23:52:11','2019-10-31 10:03:51'),(446,17,21,'Quam est impedit et omnis sequi. Corrupti ipsa omnis quo. Quae perferendis quis rerum cum nulla natus.',1,'1979-04-12 19:29:14','1971-10-22 19:32:33'),(447,97,94,'Totam sunt quaerat officia molestiae velit ut. Et unde eos et repellat unde. Maxime temporibus iste exercitationem esse soluta. Ratione sequi sit veritatis.',1,'2006-02-21 01:59:14','2020-07-01 22:10:15'),(448,24,68,'Quia quia reiciendis veritatis voluptatem quaerat. Aut nihil hic delectus voluptas omnis deserunt. Laudantium rerum saepe reprehenderit quo.',1,'2004-07-31 04:20:54','1991-09-01 19:49:50'),(449,45,35,'Cum adipisci autem voluptatum enim quos qui. Ea consequatur voluptas iusto nesciunt est aut. Et est dolor autem provident et aut repellat nemo.',1,'2003-07-06 06:15:01','1971-02-13 22:35:11'),(450,2,56,'Nesciunt aut voluptatem est rem numquam autem voluptas. Placeat illum voluptas corrupti officiis voluptas provident. Reprehenderit consequatur ut tempore minus eveniet quis autem.',1,'2001-12-19 08:36:52','2000-01-11 15:05:32'),(451,16,79,'Quia blanditiis suscipit debitis corrupti delectus commodi nostrum. Et quod molestias aut porro. Consequuntur quis quaerat commodi aut ea inventore dolorum. Quae voluptatem quo et ea nobis aperiam facere.',1,'1973-05-29 23:03:35','1984-07-21 02:16:36'),(452,2,83,'Et ut aut repellendus consequatur. Necessitatibus explicabo qui neque dolore necessitatibus quae et. Dolores qui doloremque in. Est ipsa fugit sequi assumenda fuga repudiandae ut.',1,'2018-02-10 17:27:48','1983-01-04 19:41:00'),(453,59,22,'Quae ea dolorum quisquam aperiam consequatur sequi. Nihil magnam itaque repudiandae rerum et et veniam. Consectetur explicabo quis quibusdam sit. Ipsa est minima dolor.',0,'1995-05-03 05:22:50','2008-09-09 00:11:25'),(454,73,83,'Possimus laudantium cumque veritatis omnis sint saepe id sed. Vel quas sint quia iure dolores odit at. Consectetur vitae vel odit sit quos rerum.',0,'1985-06-19 18:19:55','2008-08-04 18:53:18'),(455,14,28,'Tempore eius expedita voluptatem esse aut hic numquam. Eveniet velit quia nihil. Quibusdam quas voluptates dolore nobis quidem. Temporibus hic commodi sed qui.',0,'1978-02-07 16:07:47','2003-07-16 15:26:05'),(456,49,92,'Minima rerum odio sit voluptas provident quam. Quisquam consectetur et non fugit illo. Id et cupiditate distinctio quasi aliquid dolores. Id quo minus impedit ipsum accusamus aut eum in.',1,'1975-10-06 07:58:11','2016-04-24 19:18:06'),(457,71,100,'Similique adipisci in quae rem. Quia inventore quia qui aperiam et totam itaque.',0,'2005-03-10 07:53:03','1976-07-30 10:53:07'),(458,32,64,'Ipsum facere tenetur sunt. Eum tempora corrupti aperiam odio eum. Voluptas et ut facere quo quas tempora. Aut harum maiores eius laborum. Nihil voluptas animi accusamus alias dolore rerum eius.',1,'2012-05-12 03:31:22','2019-03-16 22:11:21'),(459,61,42,'Et sit et ipsa porro aut quia quis. Recusandae vel non ab libero eveniet. Quam tempora voluptas hic ratione cupiditate voluptatem ut.',1,'2005-12-25 13:34:09','2012-07-03 14:00:01'),(460,89,40,'Et aut deserunt aut alias odit ut. Perspiciatis alias optio tempora minima nemo quaerat fuga beatae. Libero maxime aut nihil perspiciatis sapiente. Eveniet amet voluptate quaerat rerum consequatur.',1,'1981-11-18 19:45:28','1994-11-25 20:51:47'),(461,70,5,'Reiciendis velit voluptatem officia quas delectus dolor. Enim reiciendis necessitatibus impedit facere consequatur amet. Tenetur suscipit optio suscipit et sed. Dolorum expedita voluptas molestiae laborum officiis. Ea pariatur aut sit rerum.',1,'2019-03-05 04:01:41','1994-12-23 19:19:47'),(462,60,66,'Cumque non sit labore ut. Sunt eligendi voluptatem est illo incidunt a. Consequatur reiciendis veritatis sit sint facere et laborum dignissimos. Delectus qui est sit sint et beatae molestiae.',1,'2006-04-28 09:02:02','1997-09-28 07:26:48'),(463,99,84,'Id est necessitatibus porro consequatur consequatur tempora possimus. Et iure occaecati quis dolorum iusto consequuntur. Architecto aut ea sapiente qui impedit voluptates ab.',0,'2008-01-12 17:19:20','1988-01-27 02:02:17'),(464,33,44,'Veritatis quos inventore velit vel eum et. Nisi vero repudiandae optio deserunt itaque maxime autem illo. Unde ut quibusdam est voluptatum earum consectetur. Repudiandae enim dolorum assumenda harum velit.',1,'1993-12-02 07:58:45','2010-11-21 22:56:36'),(465,19,34,'Accusamus excepturi sunt architecto ea totam aut impedit rem. Enim rerum sit repellat temporibus quae nihil maxime.',0,'1974-11-13 16:19:45','1991-05-05 21:43:51'),(466,99,34,'Explicabo qui a deserunt blanditiis consequatur est voluptate dolorum. Distinctio voluptates amet saepe. Magnam magnam laudantium et ea excepturi praesentium pariatur. Nostrum dolores iste et blanditiis itaque velit nihil.',0,'2007-05-01 20:47:03','1998-01-21 02:31:07'),(467,13,1,'Nostrum dicta in nemo reiciendis cupiditate. Ut voluptatibus est itaque laboriosam. Consequatur vitae autem quo sit esse iste commodi accusantium. Officia qui laboriosam sed dolorem.',0,'2019-08-26 21:36:27','1990-12-09 13:32:44'),(468,17,71,'Qui beatae sint est similique totam reprehenderit tempore. Veniam sequi ex voluptatem fugit et sed consequatur. Quia quo assumenda perspiciatis expedita natus quod a nisi.',1,'2009-07-23 20:17:00','1991-12-19 17:55:19'),(469,22,89,'Tempore veniam dignissimos repellendus beatae. Ipsum voluptatibus in occaecati facere. Et vero a voluptas quibusdam eos ut corrupti.',1,'2016-08-12 18:55:32','2000-04-22 08:28:55'),(470,54,36,'Molestias consequatur voluptatem odio vel qui iste. Inventore molestiae aut sint ipsum perspiciatis. Assumenda quo consequatur commodi. In neque explicabo eligendi doloribus et facilis.',0,'1999-10-27 07:37:50','2014-01-08 12:45:10'),(471,17,2,'A nisi voluptatibus exercitationem nisi at odit. Ut autem nemo et unde. Nihil ut deserunt sed dolor.',1,'2010-11-15 12:04:43','2011-04-20 08:16:55'),(472,28,87,'Magni vitae at aut aut. Eos maiores doloribus alias et in non debitis. Consequatur voluptatem autem ad sed. Eum voluptatibus velit veritatis aspernatur occaecati aut.',1,'2003-11-01 19:50:27','1984-11-14 00:30:28'),(473,2,60,'Et pariatur neque consectetur facere cum qui nesciunt. Nam rem omnis quam soluta expedita earum. Enim harum iure mollitia aliquid.',0,'2012-06-19 06:58:59','2004-04-25 17:11:32'),(474,50,62,'Ea aut natus ducimus culpa quis ut laboriosam. Qui reiciendis et possimus sunt natus maiores dolores laboriosam. Et velit accusantium assumenda. Molestias rerum totam modi nobis.',0,'2008-05-25 04:18:42','1993-09-11 10:50:28'),(475,1,38,'Dolorem aliquam tenetur quo dolor. Et ea architecto facere id. Quia et natus et amet eveniet ea laborum.',0,'1982-11-28 01:54:34','2016-11-06 02:44:12'),(476,2,70,'Saepe dolorem et est aut. Rerum vero quasi nemo atque iure ullam temporibus deserunt. Debitis nulla sit dignissimos dolor explicabo at aut. Dolorem officia cum qui aperiam sit.',1,'2014-07-30 17:08:25','2018-03-28 12:01:00'),(477,43,62,'Totam neque ut et expedita accusantium sed nobis. Eum voluptas accusamus aliquam ab laudantium est. Aut aut incidunt doloremque vel nam dolorum repellendus. Architecto eius aperiam ut id a. Debitis voluptas porro est quasi sed hic praesentium.',1,'1983-08-05 16:48:30','2003-06-26 18:02:36'),(478,36,42,'Aut voluptatem nihil assumenda cumque accusantium. Aspernatur sit non et cupiditate ab corrupti. Voluptatibus ut eos enim exercitationem. Nostrum fugit optio porro facere corporis non.',1,'2003-05-17 22:22:57','2002-05-03 09:57:24'),(479,45,68,'Tenetur iure et dolores ipsam. Quos quia enim dolorem iste repellat sed tempora ipsum. Dolore voluptas consequatur dolores nisi et. Praesentium corrupti ut ut quaerat. Molestias natus aliquid vero aut non est et eos.',1,'1977-02-20 15:51:33','2012-03-02 21:52:14'),(480,85,64,'Est voluptates qui consequatur tenetur reiciendis ducimus voluptatum. Qui molestiae odit quibusdam. Aut cumque et unde ipsam excepturi officiis quis ex. Velit sint commodi quaerat perspiciatis quae iusto officiis. Neque sapiente sint autem id et placeat ullam.',1,'1987-11-08 09:39:31','1991-03-19 13:38:51'),(481,2,83,'Qui eligendi aperiam reiciendis qui. Vel nisi enim architecto provident. Beatae quia molestias enim aliquam eligendi dicta. Itaque quo aliquid consequatur minus.',0,'1989-01-14 08:51:17','2003-02-27 02:55:23'),(482,98,15,'Aut amet molestiae beatae et et voluptatum. Vel iste aliquam voluptatibus fuga nobis nisi. Et sequi repellendus nesciunt aut beatae nesciunt.',0,'2006-03-18 02:22:17','2017-12-13 03:16:35'),(483,83,14,'Vel veritatis qui qui facere. Autem corrupti dolor eligendi. Vitae iusto laboriosam animi iure est quod repudiandae.',0,'1995-01-09 00:21:12','1980-01-25 11:56:07'),(484,85,5,'Tempore non et odit reiciendis corrupti. Sint ut quis animi exercitationem accusamus. Vel quia ut porro iure beatae laudantium odit.',1,'1986-06-14 00:03:50','2015-05-17 13:12:42'),(485,3,38,'Optio ut ipsum officiis illum accusamus. Ut tenetur voluptatibus expedita quidem enim commodi ipsum neque. Velit vero consequatur molestiae est libero.',1,'2009-09-03 15:46:05','2017-02-14 17:16:30'),(486,41,20,'Optio voluptatem quia est fugit magnam. Est rerum atque a quis qui perferendis ea. Similique dignissimos aut ad.',0,'2020-08-10 03:51:54','1983-05-26 11:03:03'),(487,40,68,'Velit facilis velit aliquam rerum. Magnam aut atque et illum eaque illo. Nulla sint laborum quam voluptatem nihil voluptatibus.',0,'2019-05-29 12:28:59','1977-04-11 18:39:14'),(488,7,42,'Qui beatae dolor voluptas odio in. Assumenda natus quam reprehenderit voluptas ipsum iste. Nostrum sunt odio aperiam aliquid.',0,'2016-10-02 11:35:18','1971-09-12 04:45:13'),(489,27,56,'Libero sed aut nihil et voluptatem. Nihil officiis veritatis tempora non quasi ea distinctio expedita. Tenetur placeat corporis accusamus. Deserunt odio tenetur ipsam dolore velit molestiae.',1,'1996-03-26 18:26:29','1977-06-09 10:38:34'),(490,4,27,'Aperiam est sapiente nihil saepe debitis aperiam consequuntur. Voluptatibus dolore exercitationem sapiente fuga. Aut repudiandae laborum non quo perspiciatis voluptatem eos mollitia.',0,'2016-10-08 09:55:25','2014-09-03 16:21:50'),(491,94,5,'Delectus autem deserunt recusandae omnis ut atque. Quo velit ut quasi. Voluptatem cum minima eveniet. Facere officia adipisci non et accusantium voluptatum.',0,'2002-10-05 07:32:14','1999-01-31 07:28:33'),(492,96,37,'Aliquid tenetur dolorum nostrum quidem commodi voluptatem facere. Est perspiciatis sit et atque est voluptatem velit. Aperiam natus quia corrupti inventore molestiae.',0,'1970-08-23 21:31:01','2001-11-23 16:01:55'),(493,66,31,'At delectus harum quo sunt omnis. Alias neque consequatur libero nihil inventore. Sed ut temporibus omnis sint a. Placeat ea sed numquam quia.',0,'1990-09-04 15:48:34','2019-05-12 23:40:06'),(494,78,11,'Ut numquam et vel rerum consequuntur. Optio tempora sapiente et id sed enim harum. Deleniti enim ea ipsam ipsum itaque ipsum laboriosam non. Eum optio culpa qui ut.',1,'1998-08-11 23:59:47','2006-10-01 01:21:46'),(495,99,62,'Est quo et velit expedita quidem voluptatibus. Vitae pariatur voluptatum vero. Sit id eaque voluptas distinctio numquam quia.',1,'1981-03-14 14:34:03','1989-01-04 19:23:50'),(496,74,1,'Esse voluptatem corporis voluptates illum. Fugit iste veritatis blanditiis. Et qui distinctio est. Placeat suscipit ipsum doloremque.',0,'1989-10-15 09:20:37','2012-08-24 09:31:57'),(497,45,71,'Provident nihil placeat voluptates vero architecto dolorem sit. Consequuntur qui dolor accusamus aut voluptatem necessitatibus. Enim corporis aliquid dolor itaque voluptas quibusdam explicabo qui. Necessitatibus quia est ullam.',1,'2010-06-27 08:29:59','1981-06-23 22:09:55'),(498,16,28,'Eaque doloremque quia illum expedita. Vel illum ut sint asperiores est mollitia. Aut maiores iusto numquam molestiae suscipit facere tempora. Fuga sit ratione et.',0,'1993-08-18 01:16:58','2010-05-10 16:07:04'),(499,85,100,'Nobis officia corrupti dolore. Numquam ipsum ut nostrum minima. Aut provident deleniti architecto quae ipsum vitae explicabo. Consectetur et fugiat et id a blanditiis.',1,'1976-06-08 01:55:03','1995-07-18 10:10:49'),(500,33,88,'Facere impedit inventore doloribus. Temporibus non commodi repudiandae eveniet. Et veniam veritatis qui ut est nesciunt et.',1,'1977-04-11 12:29:03','1996-03-21 23:02:17'),(501,38,73,'Reprehenderit dolores quisquam omnis sit ut. Impedit eum veniam rerum beatae. Maiores minima consectetur ad quae. Numquam vero quibusdam reiciendis consequuntur quis quaerat vitae consequuntur.',1,'1979-07-26 15:09:20','2010-04-07 06:55:54'),(502,7,77,'Officia quod ex laudantium ex. Atque sint vel eaque. Assumenda minus nesciunt consequuntur eligendi est excepturi. Blanditiis et soluta fugiat rem vero tempore modi voluptate.',1,'1986-03-25 03:27:56','2014-02-03 23:15:54'),(503,40,13,'Sit qui nihil labore explicabo nihil et modi. Consequatur nobis consequatur vero quia voluptates delectus porro ut. Cum explicabo ea sit cum eveniet odio qui. Ipsam incidunt veniam minus velit provident.',1,'2009-01-30 08:51:18','1976-07-16 06:54:33'),(504,19,66,'Voluptas reprehenderit quidem iure. Eius rerum voluptatum magni et veritatis sunt. Dolores consequuntur id accusantium. Ut aut nulla est illum.',1,'1995-11-23 05:09:13','2002-05-14 17:02:34'),(505,69,22,'Nam labore enim laborum et quia. Voluptatem excepturi placeat sit culpa fuga rem.',1,'2020-01-04 19:38:19','2007-05-30 22:10:17'),(506,93,63,'Et dolorem ea sint impedit. Et dolor rerum molestias iure dicta. Itaque sunt temporibus vel eligendi. Deleniti vel delectus suscipit itaque iusto quo sed pariatur.',0,'2001-04-10 17:40:35','2005-11-10 13:49:57'),(507,26,88,'Facere quam reprehenderit fuga id. Et alias ut vel nemo accusamus voluptatem vel. Fugiat modi tempore quis iusto harum quod. Impedit vitae minima quam explicabo quis. Molestiae corporis inventore neque possimus inventore iste tempore eligendi.',0,'2012-03-18 16:39:11','1992-05-15 09:33:16'),(508,99,91,'Vel qui qui magnam suscipit impedit et aut non. Doloribus dolores qui sunt id architecto vitae ut. Assumenda porro non repudiandae quibusdam earum. Dolorem natus et ab repellat earum itaque.',0,'1997-03-29 14:51:12','1978-04-03 20:56:55'),(509,19,77,'Praesentium dignissimos cum ullam id tempore. Et velit quo id aliquam officia autem odio adipisci. Dolorem accusamus fugiat est libero aliquam quibusdam. Et consequatur aliquam est quam laborum.',1,'1997-05-27 09:49:05','2003-09-18 14:50:43'),(510,1,18,'Explicabo corporis quibusdam illum est impedit cum. Delectus molestiae ipsa hic ut. Sunt suscipit officiis eos est ipsum error. Officiis nostrum aut iste adipisci ut labore.',1,'1989-09-18 14:28:37','2020-05-09 05:03:45'),(511,39,75,'Nihil distinctio exercitationem rerum quibusdam sit. Id itaque in magni reiciendis quod vel. Commodi unde est eos voluptas.',0,'1991-07-07 19:26:03','1979-07-16 06:56:38'),(512,19,83,'Deserunt eligendi molestiae expedita perspiciatis impedit. Qui sed et non aut. Qui nesciunt delectus odit unde.',1,'1978-02-08 05:52:24','1994-01-24 18:00:00'),(513,45,34,'Dolor optio et qui aperiam perspiciatis. Atque impedit voluptatibus beatae odit quo error rerum. Quas earum asperiores odit necessitatibus sit inventore. Ipsam aspernatur modi nulla recusandae.',0,'2021-04-16 10:00:39','1985-02-12 01:11:34'),(514,11,30,'Soluta aliquid adipisci magnam temporibus quia voluptatem. Dolorum aspernatur dolore est. Est inventore optio molestiae quaerat accusantium rem molestiae.',0,'1989-12-25 20:10:30','1999-12-13 09:32:58'),(515,34,43,'Tempore molestiae unde aut quia aut voluptatum corporis incidunt. Eos maxime non consequuntur et nostrum nihil. Molestiae voluptatem autem ut molestiae aliquid in. Repellat maiores praesentium eveniet asperiores.',1,'2020-03-16 12:29:15','2001-08-20 23:34:28'),(516,17,71,'Deleniti corporis tempore maiores natus. Officia placeat qui facilis rerum pariatur facilis. Velit itaque eligendi incidunt ab corrupti. Tempora odio ducimus facilis aut.',1,'2013-01-19 15:27:38','1975-08-24 17:13:07'),(517,15,24,'Autem tempora iure molestias enim id natus. Voluptatem a molestiae commodi in excepturi aperiam. Illum aut molestiae ut ea.',1,'1990-08-27 09:20:53','1978-09-02 01:18:53'),(518,48,54,'Officiis quibusdam minus dolorum eum iusto. Eveniet omnis dignissimos molestias voluptas laborum. Et asperiores assumenda expedita deleniti quia qui. Ab qui omnis quo iure est cumque blanditiis.',1,'1988-06-10 15:26:48','2005-12-03 00:56:26'),(519,37,66,'Rerum accusantium enim doloribus est praesentium dolorem. Aut doloremque et hic sed temporibus quia aut. Porro necessitatibus culpa molestias. Voluptas dolor quo cumque sit dignissimos itaque.',1,'1996-06-19 23:32:55','2009-10-17 12:54:30'),(520,20,6,'Hic illum numquam aliquam. Distinctio sapiente quidem debitis est nemo natus. Temporibus minus non eaque sit suscipit ullam hic aut. Corrupti vel voluptatem accusantium.',0,'1992-09-03 11:30:47','1977-10-31 06:58:56'),(521,87,12,'Repellendus nihil qui voluptates neque molestiae. Perferendis nisi possimus culpa est deleniti dolorum facilis. Velit et quo quae ut enim cupiditate quas.',0,'1993-03-28 18:52:52','1972-11-26 07:25:09'),(522,68,13,'Commodi impedit sunt unde voluptatem voluptas illum. Enim blanditiis maiores qui laboriosam magnam porro. Aut accusamus dicta vel. Et debitis aliquid dolorum fuga omnis.',0,'1971-01-22 05:08:10','1975-03-26 12:01:22'),(523,100,67,'Voluptatem eveniet neque consectetur illo voluptas dolore sapiente. Adipisci id sint explicabo et. Sint ab voluptas qui consequatur soluta. Ut est voluptatum in voluptatem omnis ea.',1,'1996-07-19 20:43:22','1986-01-30 12:35:12'),(524,4,18,'Voluptas labore et laboriosam. Et possimus et laboriosam hic odit. Ab nihil nam et. Quas qui laborum vero ipsa asperiores voluptatum nesciunt voluptatum.',1,'1974-09-11 09:07:36','2013-12-30 20:05:05'),(525,43,4,'Sapiente ipsa a quaerat aperiam tempore autem libero. Fuga aut maiores inventore qui expedita. Vel reiciendis omnis eum quaerat sed praesentium eum nisi.',1,'2018-02-11 10:49:51','2015-08-15 20:54:18'),(526,36,82,'Enim delectus provident laboriosam voluptatum et beatae. Veniam earum et nihil quia quia animi. Facere fugit doloribus suscipit accusamus ut. Nam ea nihil ratione.',1,'2013-05-16 21:10:39','2014-06-14 18:02:41'),(527,79,54,'Laudantium qui omnis saepe et sit ullam fugit deleniti. Voluptatem voluptate possimus debitis placeat ut sunt adipisci.',0,'2018-11-20 01:14:16','1972-11-23 09:59:48'),(528,64,23,'Molestiae molestiae doloremque animi doloremque porro. Tempora earum optio beatae sint odit necessitatibus. Officiis explicabo porro consequuntur et molestias aspernatur.',0,'1973-07-23 07:44:26','2020-05-15 16:52:10'),(529,88,75,'Cupiditate consequatur voluptas officiis ut autem ipsum quos ipsam. Sint distinctio at quas eveniet et sit non eaque. Et distinctio ea quia aut sit.',1,'1978-08-26 09:35:50','2019-03-13 06:47:55'),(530,53,21,'Ipsum voluptate sit aspernatur sed quam nemo reiciendis. Ipsam atque accusamus praesentium velit.',1,'1987-08-27 12:49:41','2007-11-11 07:25:00'),(531,17,69,'Dolores quia cumque sit est dolores veritatis iste in. Voluptatem fugit ipsum nisi minima voluptatem. Sed eius dolore voluptates aperiam dolor unde autem. Cupiditate illum praesentium quisquam amet fugit repudiandae sint.',1,'1988-02-01 03:06:15','2018-07-12 10:11:59'),(532,92,31,'Dolor optio ipsam officiis quis ad qui magni. Nobis est voluptatibus adipisci voluptatem necessitatibus inventore. Fuga nisi expedita autem nam beatae rem.',1,'1982-01-31 19:16:11','1988-05-24 18:04:39'),(533,93,39,'Inventore quia consectetur nulla. Qui voluptas minus recusandae libero. Quis possimus qui rerum velit quis et est. Natus ut iure ut exercitationem. Cum aliquid suscipit molestiae omnis temporibus.',1,'1985-11-01 13:15:23','2006-04-21 17:26:12'),(534,85,29,'Quam sunt blanditiis earum. Id dicta nulla dolores dolore. Id sit molestias accusamus molestiae accusamus. Vitae iusto et voluptatem in.',0,'2008-01-30 10:00:11','1992-03-17 12:51:29'),(535,5,4,'Architecto nulla voluptatibus facere omnis distinctio. Qui neque consequatur facilis sint sunt eius ab cum.',1,'2003-09-29 11:44:18','1981-10-18 00:34:49'),(536,34,92,'Aut reiciendis corrupti delectus quam atque qui hic. Eius eos vel occaecati illo aliquid similique porro inventore.',1,'1996-11-25 17:00:27','1974-06-05 18:38:31'),(537,16,2,'Fugiat error eum sit numquam labore. Cumque hic et quos voluptates temporibus ullam id. Temporibus rerum sed incidunt eaque hic necessitatibus nemo.',0,'1989-09-19 10:05:04','1994-01-09 18:29:28'),(538,5,15,'Sed voluptatem qui numquam. Dolores saepe adipisci voluptatem est iste nostrum. Quos porro delectus quas velit amet deserunt. Reprehenderit quaerat ut neque eveniet dignissimos.',1,'1972-07-09 16:28:27','2007-07-07 22:49:47'),(539,68,8,'Repellendus vel et voluptatibus. Et repellendus quis nemo possimus. Est dolorem dolore nostrum est.',0,'1998-11-21 22:39:50','1990-04-15 18:09:54'),(540,33,11,'Numquam sequi beatae fuga. Autem placeat non hic consectetur. Libero nihil ea totam ipsa quia sed. Soluta debitis et odit quo accusamus.',0,'1989-12-29 03:49:43','2009-01-04 14:09:22'),(541,12,68,'Neque illo sit debitis sit nulla. Id minus quidem sit tempora voluptas aut autem. Soluta velit nostrum quas.',0,'2020-08-29 15:36:40','1977-10-11 10:08:37'),(542,92,90,'Dolore tenetur repellat minus est nesciunt. Dolores soluta provident cupiditate id. Iusto accusamus distinctio et cupiditate eligendi explicabo. Ea quis perspiciatis voluptatem repudiandae id.',1,'1996-03-15 07:21:36','1998-03-31 18:33:19'),(543,22,56,'Sed distinctio qui quae. Quos facere qui sapiente voluptatem. Perferendis corrupti corrupti expedita quos. Rerum non nemo maxime nostrum in nostrum.',0,'2014-01-10 04:06:25','1979-07-24 10:52:51'),(544,12,10,'Debitis perferendis ea dolorem et. Rem consequatur quia animi sint alias porro corrupti. Est recusandae vitae quibusdam debitis corporis doloremque aspernatur. Dolor suscipit commodi placeat occaecati. Voluptas nisi qui repellat nisi facilis.',1,'1982-01-25 22:07:21','2017-03-05 19:03:36'),(545,30,64,'Aut sit quasi et ut accusantium in odio. Porro amet maiores qui quod maxime quis voluptatem. Aut mollitia quod et. Qui magni dicta veniam a quae cum sint.',0,'1987-03-17 10:55:02','1988-02-01 15:37:45'),(546,30,47,'Quo qui aut consequatur est impedit dolor. Quam voluptas voluptatem dolorem cum et magni. Voluptatum quasi non blanditiis iure. Perspiciatis minima quae eos quia.',0,'2007-12-18 09:14:06','1973-08-24 05:20:54'),(547,33,22,'Impedit doloribus assumenda libero et. Maxime vero ad optio minus. Aut dolores possimus inventore iste nostrum.',0,'1999-06-23 13:21:37','2016-10-02 19:30:53'),(548,77,26,'Omnis voluptates ea et ratione nulla. Iure sint id cupiditate optio est. Repudiandae reiciendis molestias repellendus doloribus et ut aspernatur. Quis sed maxime unde laudantium alias maxime. Temporibus deserunt atque eos aut dolore ratione quae.',1,'1991-04-28 00:06:02','1990-09-19 21:22:25'),(549,61,62,'Totam nam at voluptatem culpa eligendi. Quia perspiciatis dolor nulla quod consectetur rerum consequatur. Omnis hic natus sed libero molestias non id praesentium. A aut omnis totam beatae. Harum mollitia rerum sit et et.',0,'2008-10-08 23:28:00','2011-09-08 00:01:09'),(550,54,65,'Dignissimos aut voluptate impedit facilis. Voluptates quis ut sit. Vitae praesentium fuga et sapiente voluptatem.',0,'1999-02-24 03:06:44','2007-09-10 00:50:16'),(551,66,88,'In aliquam perspiciatis ut labore beatae dicta nam. Aliquam excepturi esse placeat et. Rerum aliquid et eveniet ipsum molestias adipisci incidunt. Perferendis maxime et consequatur nobis.',1,'1985-04-25 15:34:27','2020-02-18 21:06:22'),(552,57,81,'Sint necessitatibus consequatur velit eos in. Voluptatum nulla consequatur facilis sed rerum architecto. Aut ratione incidunt aut. Libero tempora consequatur sunt qui.',0,'1990-03-05 19:36:45','1996-07-01 20:27:50'),(553,89,61,'Pariatur illum laboriosam repellat cum est ut. Explicabo quia doloremque iusto a doloremque quia. Unde praesentium quas aut sapiente. A rerum ducimus consequuntur eaque.',1,'1993-07-31 16:29:28','2018-01-25 08:17:08'),(554,96,57,'Dolorem minima ullam illo qui laudantium deleniti nobis. Quo deserunt doloremque et repellendus aperiam nemo et. Ea dolorem incidunt natus sed.',1,'1993-11-06 19:05:13','2003-08-02 11:22:18'),(555,68,28,'Sed distinctio veritatis vel. Dolor totam similique voluptas modi. Porro ea beatae sed voluptatem expedita alias beatae nesciunt. Deleniti facere consequatur error necessitatibus.',1,'2019-12-17 00:52:37','1970-05-18 04:12:07'),(556,67,80,'Et ullam ea vel sunt. Tempora voluptatem recusandae reprehenderit.',1,'2004-04-09 15:20:26','1978-10-02 03:30:28'),(557,96,58,'Consectetur omnis eos non ea facere. Sit consequatur et ipsam est quibusdam dolore corrupti laboriosam. Asperiores facere velit sed dignissimos illum totam.',0,'1978-01-29 16:58:00','2008-09-14 21:06:11'),(558,69,17,'Occaecati ducimus omnis eos et eaque sunt. Facilis laborum quasi cum numquam consequuntur sit maiores. Aliquam aliquam ut est quo. Id vel asperiores accusantium in sapiente ducimus impedit repellendus.',1,'1995-05-04 14:19:55','2018-07-13 00:08:33'),(559,14,81,'Perspiciatis natus maxime omnis labore. Architecto rerum quia praesentium sed facere. Quas omnis eligendi hic sapiente est. Aut ut autem optio modi eos molestiae. Consequuntur harum quo autem minus quia eos.',0,'1997-06-25 06:25:07','1984-10-14 16:30:26'),(560,26,43,'Nulla quisquam omnis voluptas quidem et. Exercitationem quia fuga aspernatur qui molestiae. Voluptate molestiae repudiandae iste dolores omnis aut perferendis. Consectetur dolores in fugit ducimus.',0,'1974-01-27 00:59:55','2004-10-15 21:02:20'),(561,45,56,'Natus et impedit quas non pariatur. Maiores qui in ex illo aut ipsum.',1,'2002-09-05 19:24:47','2020-02-09 00:06:23'),(562,89,78,'Sunt alias architecto et ipsa et. Earum ut consequatur ad aspernatur est placeat aut quo. Dolores quasi laudantium repudiandae ipsam neque voluptas. Excepturi minus non eum rerum. Ex autem corporis eos voluptatem.',1,'1988-08-19 12:17:28','1978-11-20 19:52:27'),(563,77,66,'Fugit sapiente sed modi in et quod qui quo. Incidunt id minima omnis incidunt. Et vitae reiciendis nisi quia voluptate dicta rerum et.',0,'1974-01-09 00:03:32','2008-08-07 09:28:08'),(564,3,37,'Perspiciatis ut porro consequatur adipisci voluptatum. Adipisci beatae corporis aut laudantium qui. Pariatur dolorem ut vero.',0,'1970-03-30 18:17:47','1977-10-12 04:28:23'),(565,28,56,'Nobis et animi aut est. Ut officiis ipsam et adipisci. Et sit deleniti a et iure quo.',0,'1996-09-28 07:08:35','2003-03-21 12:14:07'),(566,2,93,'Dolor exercitationem velit pariatur corporis minus. Officiis cum et aspernatur molestiae perspiciatis et dolores nisi. Quod suscipit provident earum minus quasi et alias.',0,'2005-04-15 22:25:14','1998-07-08 17:07:59'),(567,44,59,'Dicta at accusantium nam dicta. Tempore et omnis fugit expedita et molestias. Nemo minus sint nam molestiae pariatur. Neque aut assumenda id rerum officiis.',0,'1992-01-06 12:20:18','2017-12-23 16:12:50'),(568,74,33,'Autem dicta laborum quaerat sed doloremque. Quis voluptate mollitia delectus totam porro perspiciatis. Quibusdam est quam natus excepturi. Tempore vitae a optio quo rerum reprehenderit.',1,'2015-05-26 10:50:45','2006-09-04 14:05:15'),(569,19,69,'Soluta qui quia quod. Ab inventore dolorem sit laborum ab occaecati.',0,'1998-01-29 10:38:17','2013-12-28 10:18:32'),(570,89,87,'Ex minus ut omnis commodi. Quo distinctio laborum accusantium rerum quos. Et eum eum soluta dignissimos.',0,'1983-07-16 03:39:07','2013-12-24 11:45:40'),(571,96,55,'Asperiores atque omnis aut facilis quam. Voluptates ipsam vel quis corrupti. Corrupti pariatur tempore adipisci ut commodi ut quos consequatur. Maiores ut quo cum quas et voluptas odio necessitatibus. Enim voluptatum et repellendus quisquam.',0,'1971-05-16 11:13:38','1979-05-06 03:50:18'),(572,67,91,'Labore explicabo officia repellat a sunt doloremque fuga. Illo vel neque itaque labore dolorem commodi consequatur. Facilis iusto quaerat dolor et consequuntur non.',1,'2006-12-16 11:51:51','1997-07-01 17:02:58'),(573,13,35,'Dolore deleniti earum fugiat explicabo aliquam nihil repudiandae. Placeat alias facilis saepe voluptate molestiae sapiente. Vel sunt et sunt temporibus.',0,'2019-08-14 05:56:31','1974-04-30 04:13:18'),(574,8,26,'Nihil et consequatur quo omnis accusantium et accusantium. Placeat doloremque voluptatem doloribus natus similique. Eveniet nostrum quo ut ut. Laborum perspiciatis voluptatem quia eveniet qui placeat officiis laboriosam.',1,'1973-07-28 08:17:00','1990-10-08 11:11:48'),(575,16,34,'Et quibusdam ut ea beatae iusto ea. Veritatis dolores provident et et repellat. Nulla occaecati autem omnis quasi et est.',1,'2009-01-25 19:59:42','1996-10-15 11:01:49'),(576,69,60,'Ea facilis sed officia eveniet et quo. Vel amet nostrum veniam hic et eum.',1,'1977-03-09 10:54:36','2005-12-20 05:09:23'),(577,90,57,'Voluptatibus cumque sapiente porro ex porro doloremque aut. Nesciunt recusandae aliquid consequatur rem alias. Dolores sed sint ut id.',1,'2003-12-10 02:31:58','1992-08-03 07:20:51'),(578,37,67,'Illo itaque dolores qui assumenda est. Sit maxime ipsam illum et. Architecto qui ut laborum cumque.',0,'1975-04-22 07:24:31','2011-09-28 20:29:38'),(579,23,39,'Explicabo quis tempore vel. Numquam ullam et quos sint tempora alias. Impedit quo esse at a dolor. Soluta cum neque id nemo.',1,'1974-08-06 16:52:20','2020-03-30 12:54:36'),(580,3,50,'Error eaque odio at dolorum repellendus aliquid autem. Temporibus veniam veritatis rerum dolore sint neque. Repellendus deleniti alias nobis omnis ut. Numquam consequatur aut ullam sequi et.',0,'2008-11-30 02:24:18','1986-07-05 02:22:04'),(581,95,5,'Et dolores aut voluptatem vel at laudantium et. Odit ducimus harum necessitatibus dicta nisi. Est fugit quidem explicabo nesciunt.',0,'2000-10-04 05:34:56','1977-07-11 22:51:46'),(582,42,39,'Molestiae nihil necessitatibus in vitae. Similique laborum magni eaque soluta voluptate deleniti sed. Suscipit quo saepe et dolorum tempora cumque totam.',0,'2008-03-30 18:05:41','2002-10-07 09:48:30'),(583,63,16,'Similique eum quis voluptatem optio. Corrupti voluptas dolores quia nobis amet. Possimus rerum esse aut officiis.',1,'2009-01-29 17:16:33','2015-08-27 19:37:47'),(584,71,82,'Quibusdam dolorum dolores eius et nisi tenetur molestiae labore. Impedit voluptatem ut nobis veniam quia. Et officia voluptatem quae consectetur voluptate ea facilis.',0,'2012-08-01 08:29:30','2000-06-07 18:53:19'),(585,84,59,'Dolore autem qui vero qui officia autem eos. Reprehenderit ut molestiae commodi facilis voluptatum libero. Veniam explicabo porro officiis quasi consequatur dignissimos. Facilis libero in hic doloribus aspernatur sapiente minima.',1,'1977-09-04 20:26:24','1986-03-06 15:20:30'),(586,69,80,'Delectus veritatis dolorem quo rerum voluptate. Distinctio optio repellendus corrupti aliquam. Dolor non sunt ducimus ut. Velit fugit aut quas quas praesentium ad.',0,'1990-07-03 14:34:37','1994-08-13 00:29:00'),(587,14,35,'Sint nulla voluptas quasi nam in necessitatibus. Velit nesciunt iusto est sed beatae voluptatem adipisci. Error sapiente dolorem ipsam veniam dolores.',1,'1986-06-16 02:55:40','2018-05-02 13:56:04'),(588,71,27,'Labore magni cupiditate quis quis dolorum aliquam cum. Corporis nesciunt exercitationem qui consequatur ex consectetur. Quam quia facilis harum quam adipisci tenetur iusto. Beatae rerum voluptatum voluptatem illum voluptatem et.',0,'1991-01-04 09:05:17','2011-03-09 03:07:56'),(589,70,79,'Tempora accusantium repellendus sed. Eum ut consequuntur expedita. Deleniti explicabo aut qui.',0,'1985-07-01 04:55:18','1993-09-20 18:50:43'),(590,52,85,'Repudiandae porro ullam quo quas non adipisci eaque. Ullam quasi sunt ut corrupti. Aut labore est vel eum. Tenetur optio ipsa officia sapiente sit asperiores. Dolor nisi qui nulla enim excepturi.',0,'1975-01-23 12:12:48','2009-09-27 10:45:40'),(591,12,20,'Dignissimos eos et voluptate fugit. Aspernatur vel in et est iste nihil est numquam. Sit in dicta rerum beatae omnis est sequi.',0,'1978-01-06 10:13:14','1983-12-25 07:57:16'),(592,45,1,'Et exercitationem omnis eos in cumque. Voluptatem inventore eveniet cum odio perferendis. Dolores culpa deserunt sed aut aut.',1,'1995-11-02 02:20:50','1995-05-08 10:38:37'),(593,77,82,'Laudantium mollitia tenetur ut deleniti temporibus. Quaerat eveniet voluptas sint modi. Excepturi nam aut est omnis qui. Quod ullam quis corporis debitis ut quae.',0,'2014-03-30 12:51:45','1999-10-03 09:34:28'),(594,67,99,'Iure quos dolore sit exercitationem tempora repellendus adipisci. Rem et architecto eos dolor assumenda iusto omnis. Expedita et quasi quia voluptas quos ea debitis. Ipsum qui beatae facere laborum consequatur.',0,'2019-09-07 16:12:15','2020-12-06 10:22:49'),(595,21,70,'Ea maiores repellendus veniam dicta maiores nam. Quia qui necessitatibus quis illo eum sapiente. Dolorum culpa necessitatibus non consequuntur nemo iste et.',0,'2019-07-23 19:19:51','1974-12-10 21:36:52'),(596,48,15,'Dignissimos ut id quasi rem quae ad sint enim. Quis ut pariatur provident quibusdam id quidem quae dolorem. Doloribus odit repellendus blanditiis dolorem nisi officiis. Similique fugiat et ipsam. Cupiditate cupiditate ut quia vero.',1,'1988-05-15 17:31:48','1995-12-30 22:00:42'),(597,75,90,'Voluptas aut nisi ea veniam quis quae officiis. Corrupti earum autem et. Qui ut repellat soluta alias dolores unde quasi. Qui fuga et assumenda voluptate.',1,'1979-07-22 02:54:58','2017-01-23 18:23:32'),(598,54,38,'Et itaque minus excepturi et harum iusto impedit. Quae nihil ab non ut non aliquid mollitia iste. Nobis ut aperiam maxime atque commodi enim.',0,'2007-09-23 23:53:27','2012-01-11 20:58:54'),(599,6,24,'Fugiat dolores porro dolores distinctio quis qui. Voluptatibus dolorem enim est laborum ut.',0,'2008-04-04 21:03:12','2019-01-18 12:10:11'),(600,20,90,'Harum aperiam reiciendis quis eos. Qui quidem laudantium et debitis ex. Aut est officia deserunt et.',1,'1975-02-18 01:57:43','1999-11-21 04:29:37');
/*!40000 ALTER TABLE `messages` ENABLE KEYS */;
UNLOCK TABLES;

--
-- Table structure for table `posts`
--

DROP TABLE IF EXISTS `posts`;
/*!40101 SET @saved_cs_client     = @@character_set_client */;
/*!50503 SET character_set_client = utf8mb4 */;
CREATE TABLE `posts` (
  `id` bigint unsigned NOT NULL AUTO_INCREMENT,
  `user_id` bigint unsigned NOT NULL,
  `txt` text NOT NULL,
  `created_at` datetime NOT NULL DEFAULT CURRENT_TIMESTAMP,
  `updated_at` datetime DEFAULT CURRENT_TIMESTAMP ON UPDATE CURRENT_TIMESTAMP,
  PRIMARY KEY (`id`),
  KEY `user_idx` (`user_id`),
  CONSTRAINT `fk_posts_to_user_id` FOREIGN KEY (`user_id`) REFERENCES `users` (`id`)
) ENGINE=InnoDB AUTO_INCREMENT=101 DEFAULT CHARSET=utf8mb4 COLLATE=utf8mb4_0900_ai_ci;
/*!40101 SET character_set_client = @saved_cs_client */;

--
-- Dumping data for table `posts`
--

LOCK TABLES `posts` WRITE;
/*!40000 ALTER TABLE `posts` DISABLE KEYS */;
INSERT INTO `posts` VALUES (1,40,'Ipsum et expedita ratione repellendus consequatur possimus.','1994-06-11 03:10:12','2010-11-02 13:05:08'),(2,65,'Aperiam quia repellat optio sed tempora.','1993-02-02 08:00:47','2014-11-25 05:13:29'),(3,38,'Autem delectus veritatis amet reprehenderit cumque harum culpa cupiditate.','1972-12-23 12:03:27','2020-12-16 03:37:28'),(4,39,'Molestiae ipsum placeat ut dignissimos nam facilis iste deleniti.','1988-03-31 11:38:44','1978-07-15 00:39:01'),(5,74,'Est qui praesentium architecto asperiores qui dolorem.','2013-10-30 01:15:00','1997-09-29 01:19:40'),(6,3,'A et quia consequatur corporis vero.','1978-01-12 16:06:19','1983-11-17 02:15:41'),(7,100,'Rerum labore explicabo dolorem ea optio.','2021-05-12 19:21:37','1980-12-04 04:13:07'),(8,38,'Est reiciendis laboriosam asperiores sit reiciendis ipsa.','1987-01-18 18:48:06','1992-08-06 13:06:31'),(9,21,'Nemo sed id quos enim tenetur tempore consequatur.','2019-07-04 17:55:44','1978-02-12 17:40:23'),(10,76,'Dolore et a qui deserunt sed iste esse.','2013-09-29 08:12:23','1997-05-27 14:20:03'),(11,98,'Iure aut pariatur nemo ullam deleniti molestiae delectus eligendi.','1973-01-12 11:04:56','1990-10-28 17:11:39'),(12,77,'Quisquam hic itaque consequatur sed rerum eum voluptate.','1989-06-27 03:08:51','1975-04-15 04:55:12'),(13,21,'Corporis aut in dolorem est numquam amet sed.','2015-08-06 18:35:52','1979-06-12 03:50:35'),(14,97,'Voluptas qui maiores ut iure quam quae tempora.','2017-08-06 06:31:14','2007-09-17 19:04:51'),(15,83,'Eveniet aliquid molestias quasi ullam et aut.','2021-04-06 08:43:50','2007-01-04 18:26:01'),(16,16,'Veniam a quaerat commodi quo perferendis sunt et.','1993-07-04 12:23:06','1982-04-19 22:02:51'),(17,95,'Tempora delectus sint dolor est perferendis.','1984-12-10 06:49:14','1989-11-13 20:39:32'),(18,9,'Et dolorem quia recusandae dolores.','2003-01-02 08:49:30','1979-06-23 06:23:52'),(19,99,'Voluptatem facere cum qui illum consequuntur et ut.','2009-02-04 20:13:51','2005-05-04 15:19:05'),(20,15,'Recusandae sint non exercitationem amet architecto.','2001-01-03 22:09:27','2006-10-03 09:43:54'),(21,54,'Nobis ipsa doloremque et dolores accusamus est facilis vel.','1990-10-30 09:48:44','2011-06-17 12:41:47'),(22,39,'Ullam et et autem ducimus quia odit.','2000-11-09 02:18:01','1993-12-09 16:17:07'),(23,55,'Facilis iure vero quo natus minima qui.','1986-10-26 22:28:25','1995-07-01 22:28:50'),(24,6,'Aut debitis dignissimos eius et.','2005-05-11 15:46:35','2003-04-16 01:55:06'),(25,73,'Quas sed aut veniam quis qui.','1977-03-02 03:24:29','2010-11-07 09:05:04'),(26,71,'Magni nobis harum ratione deleniti et quia sunt delectus.','1975-08-06 05:00:47','2016-03-21 11:58:58'),(27,60,'Laudantium deserunt enim omnis aspernatur.','1980-02-19 16:51:02','2005-03-14 02:35:41'),(28,37,'Dolores sit nihil velit voluptatem.','2014-12-23 07:36:21','2010-02-21 22:42:16'),(29,7,'Ipsum enim ipsum temporibus.','2013-06-08 06:11:56','1985-02-28 06:52:18'),(30,26,'Et quisquam totam cum magni quisquam labore in.','1993-12-16 14:27:37','1987-08-27 00:06:37'),(31,83,'Id reprehenderit nulla nisi harum dolore repellat inventore.','2017-07-25 21:42:41','1979-03-26 04:50:55'),(32,46,'Perferendis quo aliquam sit repudiandae perspiciatis non quod ut.','1997-06-30 10:59:59','2002-03-12 22:22:25'),(33,91,'Magnam assumenda cum aut facilis.','1985-06-24 02:15:42','2002-07-30 23:34:56'),(34,21,'Sed suscipit aliquid dolor hic natus occaecati.','2006-01-27 01:17:37','2018-11-15 21:09:12'),(35,85,'Alias non deserunt incidunt dolore.','1986-03-25 07:54:20','2010-12-08 22:19:52'),(36,64,'Libero dolores voluptas odit iusto officiis hic.','2015-01-30 22:26:33','2010-08-05 21:47:19'),(37,23,'Non ratione quaerat nihil perspiciatis et.','2009-08-09 19:57:18','2012-07-24 05:32:32'),(38,84,'Laudantium quia sunt vel ad excepturi deserunt saepe.','1977-12-09 10:46:38','1982-09-06 18:55:38'),(39,2,'Eligendi et incidunt non temporibus.','1994-06-05 20:51:44','1999-04-04 13:25:08'),(40,44,'Ullam recusandae odio dignissimos et.','1985-12-08 18:04:28','2020-06-27 23:13:36'),(41,60,'Exercitationem vero quos nam vel quisquam ut.','1973-07-18 17:25:14','1999-10-02 05:49:22'),(42,99,'Aut illum ipsam molestiae maiores.','2011-09-29 20:14:49','1985-06-16 08:38:31'),(43,20,'Fugiat minus omnis molestias iste.','2020-04-11 11:42:53','1980-09-13 09:25:50'),(44,80,'Nemo pariatur voluptatem quia ducimus natus.','2010-04-10 01:38:36','1981-02-11 21:41:33'),(45,95,'Deserunt dolorem ab debitis eos.','1984-07-17 10:33:02','2020-12-21 11:13:43'),(46,3,'Voluptatum praesentium explicabo dolores nesciunt.','1997-08-20 13:45:06','1990-07-26 21:07:57'),(47,95,'Dolorem architecto ab nesciunt ut.','2012-04-04 10:44:41','1973-11-03 21:41:05'),(48,90,'Veritatis corporis fuga provident.','2015-06-23 09:10:12','1993-06-30 20:39:26'),(49,12,'Voluptatem est iusto dolorem iste assumenda rem qui a.','1980-01-25 02:47:28','1993-05-22 17:07:10'),(50,93,'Qui sapiente et sequi et.','1970-04-04 13:56:49','2003-03-05 21:55:22'),(51,5,'Ipsam fugiat eum eum.','1990-08-05 23:26:40','2003-02-23 12:21:45'),(52,65,'Deserunt aut excepturi id eos facere deleniti voluptate.','2006-11-16 18:24:50','1977-09-12 18:28:14'),(53,32,'Nostrum suscipit ut non.','1998-01-11 05:54:16','2017-07-03 17:57:29'),(54,60,'Modi sit veritatis delectus provident aut dicta quibusdam.','1984-08-23 10:52:21','2011-08-27 10:35:02'),(55,71,'Voluptas ut saepe aliquam et voluptatem.','1986-02-08 02:53:11','1994-11-29 13:04:34'),(56,5,'Quos iusto libero ipsam aut neque aut.','2010-04-15 22:16:38','2008-03-28 21:45:34'),(57,30,'A reprehenderit rerum perferendis voluptas maiores rerum labore.','1970-07-27 01:50:53','1987-09-26 19:20:23'),(58,31,'Soluta sit sunt corrupti porro ipsam aut ut.','2016-04-21 09:57:03','2018-11-27 01:36:52'),(59,41,'Quis quia sapiente assumenda qui repudiandae necessitatibus ratione.','1977-04-20 13:19:22','1984-06-11 19:29:42'),(60,36,'Architecto impedit quia earum.','1973-04-18 01:51:28','1991-04-24 16:22:48'),(61,56,'Porro consequatur nostrum ut quia natus et.','1982-02-14 06:53:52','2006-11-24 14:44:15'),(62,24,'In repellat ducimus quas eius enim et eum.','1971-04-27 10:14:24','1973-10-11 19:20:00'),(63,82,'Rem natus ducimus nulla rem.','1977-04-16 15:40:18','1978-06-20 09:35:58'),(64,46,'Velit atque labore laudantium et iste.','1999-02-07 18:34:43','2000-08-19 17:00:07'),(65,44,'Sint deleniti voluptatibus quia eum explicabo.','1985-01-06 03:42:46','2007-07-09 01:14:03'),(66,67,'Tenetur minus ut et omnis itaque natus aut sed.','1985-07-29 01:47:06','1977-11-05 19:24:02'),(67,10,'Quis et a nesciunt delectus voluptatem.','1993-10-08 16:09:15','1978-02-04 20:49:31'),(68,67,'Aliquam pariatur maxime sequi est.','1977-03-07 15:43:27','2011-03-04 10:01:29'),(69,51,'Nam culpa quia in perferendis aut.','2003-05-13 14:55:19','2014-10-15 04:00:40'),(70,11,'Minima distinctio beatae ut sed est.','1984-01-04 13:53:03','1982-09-15 07:37:37'),(71,11,'Voluptas voluptatum quaerat numquam tenetur.','2008-12-24 22:56:41','2020-08-30 03:33:47'),(72,10,'Deserunt explicabo possimus eum.','1995-06-26 13:42:06','2008-05-06 03:14:26'),(73,9,'Quidem vitae amet cupiditate quae sed quis.','2002-06-29 02:28:40','2020-02-13 15:36:33'),(74,31,'Blanditiis facilis placeat quia consequuntur et.','2006-09-30 23:33:45','2012-08-10 13:25:48'),(75,89,'Placeat esse autem deserunt.','2013-10-29 22:55:05','1995-01-11 23:35:38'),(76,4,'Aliquam voluptatum autem sunt et debitis.','2001-12-07 09:57:50','1990-07-19 11:18:45'),(77,34,'Quia doloribus non velit ea.','1985-07-08 10:05:35','1998-04-06 19:34:47'),(78,84,'Eum molestiae qui praesentium suscipit temporibus ex delectus.','1999-12-05 18:22:43','1996-06-14 03:19:14'),(79,94,'Cupiditate tempore omnis rem dolorum sunt nam.','2005-06-23 04:56:05','1976-06-09 18:43:14'),(80,45,'Totam quisquam voluptatem vitae cum accusamus omnis labore.','2000-01-24 22:04:58','2012-10-12 04:43:54'),(81,77,'Dolores amet ipsam labore amet animi.','2001-08-06 00:30:31','2015-02-09 16:32:53'),(82,98,'Tenetur quia dolorem molestiae nihil ad.','2008-03-15 10:10:57','1998-06-19 07:45:37'),(83,9,'Assumenda repellendus maiores labore est tempore doloremque.','1970-10-26 07:21:10','1997-09-30 05:13:49'),(84,8,'Minus iure expedita perspiciatis vel omnis.','1972-02-16 21:54:33','1977-03-25 16:16:14'),(85,57,'Voluptatem quos est blanditiis porro est.','2002-01-16 19:47:27','2010-09-13 06:27:23'),(86,79,'Eaque ad velit quo ipsum quaerat est cupiditate sed.','1973-10-29 02:44:25','2009-03-30 04:36:38'),(87,13,'Saepe quod ea omnis aut similique ut impedit enim.','1987-12-28 06:12:04','1993-01-14 21:53:12'),(88,87,'Asperiores quis quas ipsum quia quos corporis.','1990-01-03 20:33:55','2000-05-02 12:37:35'),(89,10,'Pariatur quidem quas rem iste quibusdam fugiat omnis iusto.','1988-02-24 16:58:47','1994-01-18 20:44:22'),(90,54,'Vel eaque molestiae et eius qui similique.','2020-02-03 03:14:29','2012-06-19 09:28:54'),(91,23,'Sit sint soluta vel molestiae nostrum.','1979-03-08 00:13:05','2011-07-09 23:10:05'),(92,65,'Nobis assumenda blanditiis non eos reprehenderit iste sint.','1997-02-26 14:49:17','1983-12-01 10:46:24'),(93,78,'Nostrum nihil unde assumenda itaque delectus tempora ut iusto.','1990-01-22 18:02:13','2010-01-19 04:59:44'),(94,4,'Esse qui impedit corporis iure nam.','1993-08-13 08:31:38','2000-11-16 01:31:49'),(95,11,'Nihil explicabo tempora dolorem ea ducimus.','1997-05-06 15:06:09','1972-04-22 04:16:52'),(96,21,'Quisquam voluptas sapiente ut.','2016-05-05 23:42:40','1976-06-28 14:46:11'),(97,70,'Facere architecto quia qui molestiae mollitia.','2000-02-22 17:43:51','1990-03-25 03:27:42'),(98,20,'Ut quaerat architecto ut quisquam pariatur nisi tenetur.','1988-05-04 00:33:24','1994-03-09 18:43:51'),(99,88,'Similique fuga odio quasi unde molestiae rem.','2007-08-15 12:32:42','2017-10-04 07:24:26'),(100,21,'Et facilis ipsa et error temporibus.','1978-01-07 00:35:51','2012-12-01 15:15:14');
/*!40000 ALTER TABLE `posts` ENABLE KEYS */;
UNLOCK TABLES;

--
-- Table structure for table `posts_likes`
--

DROP TABLE IF EXISTS `posts_likes`;
/*!40101 SET @saved_cs_client     = @@character_set_client */;
/*!50503 SET character_set_client = utf8mb4 */;
CREATE TABLE `posts_likes` (
  `post_id` bigint unsigned NOT NULL,
  `user_id` bigint unsigned NOT NULL,
  `like_type` tinyint(1) DEFAULT '1',
  PRIMARY KEY (`post_id`,`user_id`),
  KEY `post_idx` (`post_id`),
  KEY `user_idx` (`user_id`),
  CONSTRAINT `posts_likes_fk` FOREIGN KEY (`post_id`) REFERENCES `posts` (`id`),
  CONSTRAINT `users_likes_fk` FOREIGN KEY (`user_id`) REFERENCES `users` (`id`)
) ENGINE=InnoDB DEFAULT CHARSET=utf8mb4 COLLATE=utf8mb4_unicode_ci;
/*!40101 SET character_set_client = @saved_cs_client */;

--
-- Dumping data for table `posts_likes`
--

LOCK TABLES `posts_likes` WRITE;
/*!40000 ALTER TABLE `posts_likes` DISABLE KEYS */;
INSERT INTO `posts_likes` VALUES (1,59,1),(1,66,1),(1,74,1),(2,64,1),(4,28,1),(6,4,1),(7,66,1),(10,95,1),(12,82,1),(13,33,1),(13,93,1),(15,10,1),(15,92,1),(17,63,1),(20,33,1),(21,51,1),(22,56,1),(23,46,1),(23,66,1),(25,5,1),(25,19,1),(26,15,1),(27,73,1),(28,35,1),(28,76,1),(29,27,1),(30,28,1),(31,47,1),(32,96,1),(33,46,1),(33,88,1),(34,52,1),(35,52,1),(36,27,1),(36,46,1),(36,68,1),(38,10,1),(38,95,1),(39,40,1),(40,12,1),(40,40,1),(41,49,1),(41,59,1),(42,86,1),(44,14,1),(48,9,1),(50,53,1),(54,43,1),(54,68,1),(56,27,1),(56,44,1),(58,25,1),(58,97,1),(59,61,1),(60,76,1),(61,94,1),(62,58,1),(63,29,1),(63,73,1),(63,99,1),(65,69,1),(66,61,1),(67,49,1),(67,79,1),(68,83,1),(68,91,1),(68,94,1),(69,59,1),(70,10,1),(71,98,1),(73,4,1),(74,5,1),(76,57,1),(77,52,1),(78,14,1),(79,43,1),(80,43,1),(80,62,1),(81,27,1),(81,93,1),(84,19,1),(84,44,1),(84,51,1),(85,90,1),(86,88,1),(86,99,1),(87,14,1),(92,71,1),(93,100,1),(94,15,1),(94,100,1),(95,21,1),(96,68,1),(97,11,1),(97,20,1),(97,30,1),(98,69,1),(100,23,1),(100,48,1);
/*!40000 ALTER TABLE `posts_likes` ENABLE KEYS */;
UNLOCK TABLES;

--
-- Table structure for table `profiles`
--

DROP TABLE IF EXISTS `profiles`;
/*!40101 SET @saved_cs_client     = @@character_set_client */;
/*!50503 SET character_set_client = utf8mb4 */;
CREATE TABLE `profiles` (
  `user_id` bigint unsigned NOT NULL,
  `gender` enum('f','m','x') CHARACTER SET utf8mb4 COLLATE utf8mb4_unicode_ci NOT NULL,
  `birthday` date NOT NULL,
  `photo_id` bigint unsigned DEFAULT NULL,
  `user_status` varchar(30) CHARACTER SET utf8mb4 COLLATE utf8mb4_unicode_ci DEFAULT NULL,
  `city` varchar(130) CHARACTER SET utf8mb4 COLLATE utf8mb4_unicode_ci DEFAULT NULL,
  `country` varchar(130) CHARACTER SET utf8mb4 COLLATE utf8mb4_unicode_ci DEFAULT NULL,
  PRIMARY KEY (`user_id`),
  UNIQUE KEY `photo_id` (`photo_id`),
  CONSTRAINT `fk_profiles_media` FOREIGN KEY (`photo_id`) REFERENCES `media` (`id`),
  CONSTRAINT `fk_profiles_users` FOREIGN KEY (`user_id`) REFERENCES `users` (`id`)
) ENGINE=InnoDB DEFAULT CHARSET=utf8mb4 COLLATE=utf8mb4_unicode_ci;
/*!40101 SET character_set_client = @saved_cs_client */;

--
-- Dumping data for table `profiles`
--

LOCK TABLES `profiles` WRITE;
/*!40000 ALTER TABLE `profiles` DISABLE KEYS */;
/*!40000 ALTER TABLE `profiles` ENABLE KEYS */;
UNLOCK TABLES;

--
-- Table structure for table `users`
--

DROP TABLE IF EXISTS `users`;
/*!40101 SET @saved_cs_client     = @@character_set_client */;
/*!50503 SET character_set_client = utf8mb4 */;
CREATE TABLE `users` (
  `id` bigint unsigned NOT NULL AUTO_INCREMENT,
  `first_name` varchar(145) NOT NULL,
  `last_name` varchar(145) NOT NULL,
  `email` varchar(145) NOT NULL,
  `phone` char(11) NOT NULL,
  `password_hash` char(65) DEFAULT NULL,
  `created_at` datetime NOT NULL DEFAULT CURRENT_TIMESTAMP,
  PRIMARY KEY (`id`),
  UNIQUE KEY `email` (`email`),
  KEY `phone` (`phone`),
  KEY `email_2` (`email`),
  CONSTRAINT `phone_check` CHECK (regexp_like(`phone`,_utf8mb4'[0-9]{10}$'))
) ENGINE=InnoDB AUTO_INCREMENT=601 DEFAULT CHARSET=utf8mb4 COLLATE=utf8mb4_0900_ai_ci;
/*!40101 SET character_set_client = @saved_cs_client */;

--
-- Dumping data for table `users`
--

LOCK TABLES `users` WRITE;
/*!40000 ALTER TABLE `users` DISABLE KEYS */;
INSERT INTO `users` VALUES (1,'Eldin','Pritchett','epritchett0@accuweather.com','5498184530','ca89d50511fe9487ccc84d53d01e0293c5650302','2021-03-10 00:00:00'),(2,'Blondie','Oldale','boldale1@yellowbook.com','2762879632','9011dc1c37142824f5fb78e748111ac6d36a4e95','2020-11-17 00:00:00'),(3,'Hannis','Twiddle','htwiddle2@senate.gov','9316789647','995877baae88e772f17d8d1c8954135e746af3f7','2021-04-10 00:00:00'),(4,'Hedvig','Colin','hcolin3@dyndns.org','7914391052','6bb37af75ef56954f5a6f86027909e07a1895030','2021-07-01 00:00:00'),(5,'Udale','Coughlan','ucoughlan4@arstechnica.com','5354748719','52d6f675ec16f97f83634f73bb737a231d136b97','2020-07-27 00:00:00'),(6,'Herculie','Rainer','hrainer5@answers.com','2808425214','1664e371865cfc3c291b739d21a412bcd4de3f5d','2020-10-30 00:00:00'),(7,'Rori','Brazil','rbrazil6@dmoz.org','3277237795','2c4ff509139344668c2a4154716e28da5e7700fe','2020-08-19 00:00:00'),(8,'Read','Occleshaw','roccleshaw7@reuters.com','3897639230','3439407eade696a690a8627250ed2e8c298b90eb','2020-11-22 00:00:00'),(9,'Ryon','Haile','rhaile8@microsoft.com','2419814715','c9e76fac0806ec51401b604cf9bad1100364fbae','2021-06-24 00:00:00'),(10,'Bria','Buttery','bbuttery9@google.ru','1103842986','2fd5ce680fc3ff1c6e82359b22d2c6380770b1b6','2021-04-28 00:00:00'),(11,'Marnie','Mifflin','mmifflina@mit.edu','9615045268','ef59f5156cab1772a37f6da3765690d6429ea37e','2021-05-09 00:00:00'),(12,'Donna','Shawcroft','dshawcroftb@uiuc.edu','3303261634','28bbb3dcefc1b000f3d85eebf687125c1e246c98','2020-10-01 00:00:00'),(13,'Gilbertina','Padson','gpadsonc@reverbnation.com','3626692680','ba9d0b80b97f5370005d192bd696b02d4dc6404e','2020-07-22 00:00:00'),(14,'Augustina','Sotheron','asotherond@amazon.co.uk','5948269974','6612a425882117612e02424f866fc457915cae76','2021-01-30 00:00:00'),(15,'Spike','Ingilson','singilsone@delicious.com','2088670311','8bc712a8abbc4d4c93e2ecfb71fbe8287703b944','2021-01-14 00:00:00'),(16,'Hillie','Dundon','hdundonf@hexun.com','1706867418','dc2d75b39aca6953124d31f571a550dddfef0fbd','2021-06-09 00:00:00'),(17,'Alanah','Barden','abardeng@japanpost.jp','6783755097','6e1453e29da0b5a9ba6da93476fc4734122b8064','2021-04-11 00:00:00'),(18,'Jolynn','Colbert','jcolberth@google.com.br','2937955983','3480471f4e4315e7e7eb30c621fca71469b02040','2021-07-12 00:00:00'),(19,'Frederic','Belfitt','fbelfitti@phoca.cz','3096083392','07f36ecec543230ae95bb1dca0ccef6fa649bb3b','2020-09-08 00:00:00'),(20,'Odette','Dorbon','odorbonj@friendfeed.com','4186823087','f709a1d37c30217aa1f1e0e702e538d5385be5c1','2021-01-10 00:00:00'),(21,'Maura','Wafer','mwaferk@arizona.edu','1198681699','8dd0fbb76672cf308c2a8c38738a76d27d9908cb','2020-10-07 00:00:00'),(22,'Dee dee','Brew','dbrewl@biblegateway.com','9995594527','2d36db534df2e7bdcb587eadaa71c307ab13aedc','2021-04-19 00:00:00'),(23,'Tiff','Kilgallon','tkilgallonm@cpanel.net','7403296011','cf355b96ec1e9259fb01d845ff843860dc6374ba','2021-02-12 00:00:00'),(24,'Stacy','Kettlesting','skettlestingn@typepad.com','4813910897','f03b7b24342b28d5f639216356cb77a8bc150a8a','2021-07-10 00:00:00'),(25,'Merry','Cammis','mcammiso@archive.org','1172758050','b1c104a248b0f58c51d36240490499a96f15dbab','2021-03-14 00:00:00'),(26,'Laird','Honniebal','lhonniebalp@economist.com','4029246083','936a06077e516f43b91dd26de6d81910457e1b60','2021-06-04 00:00:00'),(27,'Gregor','Biddles','gbiddlesq@eepurl.com','3702169732','32605fcee375f7ff6bbac4a79769a3acc2125ad4','2021-07-14 00:00:00'),(28,'Rory','Chessell','rchessellr@smh.com.au','8864346309','58ed85d3f506ba7495d0a4380e636811700b2606','2020-12-01 00:00:00'),(29,'Ashla','Joseph','ajosephs@tinyurl.com','4362130391','b13f6cf0085e9d3911a2ac5733314068d122028f','2020-11-24 00:00:00'),(30,'Armando','Richardes','arichardest@wsj.com','9483055506','506578ece254596da3589dedb2ebf592148e1223','2020-10-07 00:00:00'),(31,'Amble','Bate','abateu@posterous.com','9237504047','7a0d61335c664d03d2c622d494ab5062692803eb','2021-03-04 00:00:00'),(32,'Sholom','Celiz','scelizv@businessweek.com','7215329374','192b7739956c2bd789b9822e8cf2161355286920','2020-08-10 00:00:00'),(33,'Roseanne','Stratiff','rstratiffw@cafepress.com','6006760906','1bb856fd0fc47b771c73b1a78910d8c6f6b4f46c','2021-04-14 00:00:00'),(34,'Saul','Bambra','sbambrax@wordpress.org','6782368733','a2dbb3b7f7131cbe6165b89b24e64153f882f08c','2020-12-09 00:00:00'),(35,'Henrieta','Melody','hmelodyy@epa.gov','1601036482','ee68157ac64a2b3b20926a205591401a6c295a7d','2020-12-28 00:00:00'),(36,'Marna','Moulster','mmoulsterz@omniture.com','5119301293','dec65d23810fc6cfdb2fef35a36a11f92128900d','2021-03-30 00:00:00'),(37,'Jenifer','Hamlett','jhamlett10@fema.gov','3511512936','9cda1deed43e0bc094a919ad39974ec0c3a4036a','2021-02-13 00:00:00'),(38,'Alyssa','Grayshan','agrayshan11@zimbio.com','9286655453','b547c07db2d536a7249e00fef157275b3517ab28','2020-12-16 00:00:00'),(39,'Kayla','Worcester','kworcester12@paginegialle.it','8445432183','8a9dafed02d3c899d460441720e27d33fbd8db39','2021-02-26 00:00:00'),(40,'Aldon','Stepto','astepto13@free.fr','9953811268','5ee91acda03dbd5096da91e10a92929b6c63e8fc','2020-11-15 00:00:00'),(41,'Monro','Ofener','mofener14@wikipedia.org','8126856439','fade5f920d9e1b7297d7f57d0e8a8ee62b3ae82e','2021-01-27 00:00:00'),(42,'Billy','Peniman','bpeniman15@blog.com','8568965855','d739ca0f8291030ef171671304b5c1b53701abd9','2021-04-18 00:00:00'),(43,'Bordie','Paxman','bpaxman16@archive.org','3161969532','30000d65b8d9f4c290577f8d3e44b7b01644e9c9','2021-01-27 00:00:00'),(44,'Nigel','Cattonnet','ncattonnet17@cnbc.com','7267519449','aa34f8a9c4ebc6b14f92b84c0101dc69072308c7','2021-03-15 00:00:00'),(45,'Anestassia','Philippart','aphilippart18@msu.edu','1805959198','cffc3668379d5b543eb370d2a7f08bcd76dcd87c','2021-06-25 00:00:00'),(46,'Jeffy','Roddam','jroddam19@xrea.com','8143183125','3e7b63dc6e7f7c9b02cf0df8169e9cc4699d9d36','2020-07-27 00:00:00'),(47,'Lambert','Bukac','lbukac1a@walmart.com','1452778260','444af1dd57886399389a82d89b5e644e6d8b4d7b','2021-04-16 00:00:00'),(48,'Ame','Baine','abaine1b@merriam-webster.com','6939836694','5b8f62ea2c7526ecc335b5c4a910b1b6b8c8b36d','2020-08-11 00:00:00'),(49,'Ryann','Balogh','rbalogh1c@irs.gov','4652422115','1d03c198a3cd25d9fbe57f77daf4bf694b3ac034','2021-04-25 00:00:00'),(50,'Lin','Donohue','ldonohue1d@fema.gov','1591091211','5d8e2676c11c0a9144765c41f8868e6c66b827f1','2020-12-20 00:00:00'),(51,'Hashim','Oxbe','hoxbe1e@domainmarket.com','7395960328','925b7c825e8f75d1dbf82719f178ec9f551ce9c1','2020-09-29 00:00:00'),(52,'Aggie','Hartly','ahartly1f@naver.com','8559956505','c009b1d1057a9e7456667fff4c504f52a753bea5','2021-02-08 00:00:00'),(53,'Wally','Bold','wbold1g@vk.com','8714327340','8d84087692d65186d421c97507cbb54b841c01fa','2021-07-08 00:00:00'),(54,'Ardisj','Goodsal','agoodsal1h@marriott.com','4273391733','3f0040dc8818d1989eb991aa7631f783e7d01f90','2020-12-10 00:00:00'),(55,'Sallyanne','Kermode','skermode1i@sciencedirect.com','5493708294','8bcc291c8103b1554332b87f9473c34b5b9b0955','2021-01-27 00:00:00'),(56,'Emmi','Norree','enorree1j@senate.gov','4879355007','2a1ae08e970ccd9e7d337b9cee1c73cebbb13946','2021-01-21 00:00:00'),(57,'Frayda','Dangl','fdangl1k@webs.com','7319731308','5f61e5440ae223d6536a802d762e7b2e6c4f188e','2020-07-19 00:00:00'),(58,'Findlay','Husher','fhusher1l@sakura.ne.jp','5832718986','97d4127a3051ad52e509871e3d5d90b57031bd3c','2020-08-27 00:00:00'),(59,'Kristel','Rossey','krossey1m@umn.edu','3075261551','5173727fe2d0b4095fe7eb3547702afa6d526eee','2021-05-23 00:00:00'),(60,'La verne','McGaugan','lmcgaugan1n@bigcartel.com','9809518642','e7ab968089ad9c8a0bd59072c826d863c610216a','2020-10-26 00:00:00'),(61,'Rolph','Sully','rsully1o@ocn.ne.jp','9458406016','a6c24b1733312ca18ef2be4526518b61711956fc','2020-12-10 00:00:00'),(62,'Lars','Salling','lsalling1p@addtoany.com','4458023667','dbb108d7eea5a0aa00c12fcc023bb863dac5881a','2021-05-14 00:00:00'),(63,'Merry','Bartosinski','mbartosinski1q@usgs.gov','7895739523','f1ec2494574d008fb206210bd86d48403323e368','2020-09-30 00:00:00'),(64,'Chan','McCaughran','cmccaughran1r@myspace.com','4737886638','ba3e22accd0ac7b26a4e1ae44c70e40a33f74148','2021-05-22 00:00:00'),(65,'Mack','Pechacek','mpechacek1s@hud.gov','2886145350','8139626ecdc760fb86b1f8a05c2b647ec88c60db','2020-11-24 00:00:00'),(66,'Henry','Garnsworth','hgarnsworth1t@istockphoto.com','5673871964','4c30388043ea317146c1c8e0854b265de3c96d83','2020-12-07 00:00:00'),(67,'Jonas','Washbrook','jwashbrook1u@last.fm','4012949706','ea5a5eda2fcaebd71bcf821d1f6d8e3a88693318','2020-11-25 00:00:00'),(68,'Ofella','Dunlap','odunlap1v@columbia.edu','1477468454','0f76d74911f4cadb38ea7fefa815e994f7b1a1a8','2020-11-08 00:00:00'),(69,'Rozele','Le Friec','rlefriec1w@stumbleupon.com','2028858520','77126db9af40a735f3ee886dec88ffe5fd9dec7f','2020-11-04 00:00:00'),(70,'Meredeth','Astley','mastley1x@yolasite.com','5672404314','d7792b4c016aeb5b762067bbd986bad6743f076c','2021-06-07 00:00:00'),(71,'Eveline','Fenix','efenix1y@ucsd.edu','8798755261','8abf68c9c0cc93c228bb1dfe75de8711f7b51de3','2020-08-31 00:00:00'),(72,'Jerry','Auchterlonie','jauchterlonie1z@squidoo.com','3193085726','9eb9695b66ef31ef917c3bb092e6ffb1ce861e28','2020-10-19 00:00:00'),(73,'Ashlee','Paulat','apaulat20@stanford.edu','6915346548','c59bdba581fc73254d69a22cbd10489c5d42508c','2020-10-16 00:00:00'),(74,'Lorin','Warke','lwarke21@earthlink.net','5605607597','93358cc13c9a4b9a66a3a9c9b021f944517a9e61','2021-03-08 00:00:00'),(75,'Austina','Willoughley','awilloughley22@hostgator.com','3558010341','d152b2de9276ab1173b5dccca78b2d21164e3646','2020-12-06 00:00:00'),(76,'Ethel','Aujouanet','eaujouanet23@issuu.com','1721165216','99b8386f267893bdf52a5ca374d62c1146985db1','2021-01-02 00:00:00'),(77,'Eleen','Gasking','egasking24@paginegialle.it','1487580661','52add38f8d4b1fd32a9e09e18a6c1cac923b9442','2020-12-18 00:00:00'),(78,'Mallory','Derham','mderham25@prnewswire.com','1439377804','3df2629dd40f6af83447c3599543a51c198cba3b','2020-12-24 00:00:00'),(79,'Dare','Landells','dlandells26@theguardian.com','4359170151','8f56392725f1abd8a1a07fb840760628ac348c7f','2021-02-18 00:00:00'),(80,'Sarene','Kershow','skershow27@odnoklassniki.ru','4752569416','7cf7c39c4adf8e2daf712a24e8f95208668e20c0','2020-09-24 00:00:00'),(81,'Carmelia','Esherwood','cesherwood28@engadget.com','9837176809','be81ca1852d0b5fd7c1bc15bc13b2a157c2f564e','2021-01-30 00:00:00'),(82,'Hazel','Springthorp','hspringthorp29@w3.org','6978855931','d8c1641cf29f8cf95c6e6e64d35130c1d05dcdb8','2021-03-18 00:00:00'),(83,'Alie','McGlaud','amcglaud2a@nature.com','3912466222','05964c03a1d880da06adc8bf50c45b61e3422494','2020-11-27 00:00:00'),(84,'Tybie','Wybron','twybron2b@dagondesign.com','5112189385','08379c17c2533e13e89e0a605b964e1ef92f8167','2020-10-14 00:00:00'),(85,'Rosa','Chatan','rchatan2c@nature.com','9278146490','dc11dda3884eee3e78bfa84302bdbfca1f5a1fef','2021-05-11 00:00:00'),(86,'Jasper','Pitford','jpitford2d@intel.com','3039365540','74785280a0a8a14c7075717c59ed317b61c126a2','2020-12-09 00:00:00'),(87,'Wat','Jerratsch','wjerratsch2e@odnoklassniki.ru','1201135233','2f32f148d85af0236d7e15d9359124e175558511','2021-07-11 00:00:00'),(88,'Jamesy','McDyer','jmcdyer2f@newyorker.com','6887430520','dde305dcf99029aba9d5642eff7159e196cafdc0','2021-05-19 00:00:00'),(89,'Cthrine','Roubert','croubert2g@msu.edu','4748575726','a2816b8f0407fe925d439f3f6148116efe6ec30c','2021-05-20 00:00:00'),(90,'Adel','Brierton','abrierton2h@ox.ac.uk','3801646620','c291381fa3fe4aa2ff079f02ebd7aa3f4cdb58b8','2020-09-05 00:00:00'),(91,'Darrelle','Matthisson','dmatthisson2i@businessweek.com','8971057987','ec7f6c7755276937878d504b6f9c1cbbefae0550','2021-05-04 00:00:00'),(92,'Hetti','Blumer','hblumer2j@woothemes.com','6442434699','cbcfea6b1f70f6bb7d17abeed06469357e41daf9','2021-01-14 00:00:00'),(93,'Michaella','Frankema','mfrankema2k@ifeng.com','1637943350','78a135267351cdc65bcfefd3619d79cc31136365','2021-04-02 00:00:00'),(94,'Rollie','Hemphall','rhemphall2l@cam.ac.uk','8479966229','1917a6df252ced4c1c78f2cd0ef9eb8f657733e5','2020-09-14 00:00:00'),(95,'Amy','Lightman','alightman2m@ehow.com','1751107425','75be6779f2a0ef2c27fe61b979bd57e95e1f72a1','2020-12-29 00:00:00'),(96,'Natal','Cardenas','ncardenas2n@newsvine.com','5411343279','9b308c2f4a40523d3ffecfdfb3f892bfd8ddb124','2021-05-30 00:00:00'),(97,'Zorah','Darracott','zdarracott2o@drupal.org','8449180675','7288afd4c9e3f32e228529df651b602173a74221','2021-01-01 00:00:00'),(98,'Olga','Levesque','olevesque2p@un.org','9238496780','7c4bb073c4919b39035c3f628ce01470782342d3','2021-05-09 00:00:00'),(99,'Lydon','McNiff','lmcniff2q@psu.edu','6468808702','d4d021029b6c50b4149c072be203e46cd9c05d35','2021-06-10 00:00:00'),(100,'Ricki','Bougourd','rbougourd2r@devhub.com','6132714431','b4b2e886244ef3c2f8cb9ac19e71784127501787','2021-02-15 00:00:00'),(101,'Lindie','Lewendon','llewendon2s@360.cn','6031960286','0baf7b50ea0e08b69a763ee5ad3f00b36d7c8034','2021-03-14 00:00:00'),(102,'Lari','Birkby','lbirkby2t@trellian.com','9656206298','34abd06a4548e2a367a77731483e01f42138054e','2021-04-02 00:00:00'),(103,'Gavrielle','Oakton','goakton2u@woothemes.com','3605182277','f6f46cb9b889d8eb1a6a6a428118b41aaa014cd2','2020-09-07 00:00:00'),(104,'Noelyn','Oboy','noboy2v@earthlink.net','4599684089','f0644470dcfc32cf8e4a6208e66bfcec96ddaa3b','2020-10-08 00:00:00'),(105,'Daryl','Ashard','dashard2w@seesaa.net','7401704332','348bd3f2a978050f6fef663007d88ac420ad29c2','2020-11-21 00:00:00'),(106,'Ewan','Eberz','eeberz2x@topsy.com','9731166273','10b6deedb20db5d82bbc1edaa6369c5eacd2bb4f','2020-09-15 00:00:00'),(107,'Ravi','Alldridge','ralldridge2y@tinypic.com','6573704790','6ab7f95aae5e2834912fcd7c74eef589a93f6d41','2021-04-28 00:00:00'),(108,'Amalita','Mariet','amariet2z@spiegel.de','4348156947','e7a373333724feb36c9ab4ba6cdc4e833fe536aa','2020-09-22 00:00:00'),(109,'Adaline','Riccelli','ariccelli30@usa.gov','3269395996','d8991d07204f3c5f675802c030ddc216e948826d','2020-11-10 00:00:00'),(110,'Dori','Maty','dmaty31@berkeley.edu','2127669980','2ef9e22a5ed03e739556681fdf53f66d0f2f6c4f','2020-10-15 00:00:00'),(111,'Ellsworth','McMullen','emcmullen32@nih.gov','6917996980','97b53ad45fc4fdfc7bc91846746033cf8119135e','2021-05-08 00:00:00'),(112,'Arden','Cardon','acardon33@reverbnation.com','6916008065','a8578a3ad8074777446c389c46be66e14036b7be','2020-09-26 00:00:00'),(113,'Angus','Poulgreen','apoulgreen34@de.vu','7596790528','62b8ce200d1efd611506a9d627f885758a1c1536','2021-06-04 00:00:00'),(114,'Teresina','Vasler','tvasler35@businesswire.com','2314560236','5b2a42885bf51d7c628764badda18cc93ff30560','2020-10-11 00:00:00'),(115,'Farica','Cypler','fcypler36@cnn.com','4948266382','26ed7752dea45f6a4386dd5fb8432e7c1a1aaa86','2020-08-17 00:00:00'),(116,'Shelli','Sline','ssline37@mashable.com','9465659542','a975db64ab768e425cbb4fb51e0beab06f3949ad','2020-12-07 00:00:00'),(117,'Lilli','McNiff','lmcniff38@marriott.com','3127932275','42193058478c23e944addc9721e17022c9d209fc','2020-12-16 00:00:00'),(118,'Nicolette','Farguhar','nfarguhar39@psu.edu','7477403104','203f08721e4cdb4b9d254071d051cb84e0c64343','2020-10-22 00:00:00'),(119,'Misti','Pickup','mpickup3a@meetup.com','7879987858','107f70833e704e880f0d1b3889c4cfb352d92ba8','2020-09-06 00:00:00'),(120,'Juana','Finlan','jfinlan3b@vinaora.com','3507785252','66743015aee6cdc63549f0c3b5c826779cabb377','2020-09-07 00:00:00'),(121,'Corabelle','Sibbering','csibbering3c@bandcamp.com','6123469223','5b2c0902f69b311ad7f8698d285850c3f3ad0654','2021-01-04 00:00:00'),(122,'Clemence','Kitching','ckitching3d@ifeng.com','1131303339','02b118945fb041ef2f7c66efe3f3a63f83548d81','2020-08-25 00:00:00'),(123,'Francoise','Towlson','ftowlson3e@cnet.com','1096431699','0186f2017749593a7b59c7a838a9e4148eb08df0','2021-04-23 00:00:00'),(124,'Melisande','Boatwright','mboatwright3f@i2i.jp','9431677686','7a996505ec8d1cc7b3a982d9d728f497ad67e648','2021-01-19 00:00:00'),(125,'Donnell','Chipping','dchipping3g@hud.gov','1864863541','aed6657c1e94b6022a0171ba09b5593fd8d1a922','2020-08-21 00:00:00'),(126,'Maxy','Beldon','mbeldon3h@boston.com','9274296536','60f5c39aa6fcf6d1879f2afdb565c230c167f18c','2021-01-29 00:00:00'),(127,'Nedda','Pletts','npletts3i@state.tx.us','9431359449','4c74f8b9eb1651e2b6b106e97ce642be2368deb5','2021-05-15 00:00:00'),(128,'Emmery','Ropars','eropars3j@addthis.com','3217484902','99b26011e7c858a871b972d688ea8784f8995fad','2020-10-04 00:00:00'),(129,'Vanny','Filisov','vfilisov3k@ucoz.ru','3783625939','4a10f99ec2dedd53b9b11f1568d9d365f301cc32','2021-07-02 00:00:00'),(130,'Diann','Shillabeare','dshillabeare3l@dailymail.co.uk','1764124333','e4b93792f4425104d44270b1f7a5120088702ef6','2021-04-12 00:00:00'),(131,'Patton','Gilston','pgilston3m@liveinternet.ru','8605180220','00d411a178db40144ad5c2e10fd8a0f657266da4','2021-04-12 00:00:00'),(132,'Zaccaria','Bolus','zbolus3n@hexun.com','9345913153','4891674ba765170f96785d883bf2d0b35fb37c02','2021-03-07 00:00:00'),(133,'Renelle','Vial','rvial3o@weibo.com','8921297105','7554797f3ade83cbecc5ff4bef26c6a87bcb3835','2020-08-23 00:00:00'),(134,'Sally','Hevner','shevner3p@networkadvertising.org','9191943054','7be80ab697b4611626a2ce0847b9ce9d13c30ef7','2020-10-07 00:00:00'),(135,'Innis','Elwell','ielwell3q@shutterfly.com','3099168553','a78eb8132b4b0ee6bf4fcf31989dd7ad75bd326c','2021-02-11 00:00:00'),(136,'Sharyl','Puttick','sputtick3r@businesswire.com','7059223433','2ff785ce8c1032b5591eb123154d8d9145eb194d','2021-04-21 00:00:00'),(137,'Edna','Cankett','ecankett3s@github.com','3598456437','b238e261bdb54f09a36988f93957fc89e083c584','2020-11-09 00:00:00'),(138,'Gregoire','Joll','gjoll3t@amazon.co.jp','7796658300','2591b76cd4b04fe823f3f58e25af2be05310f80d','2020-08-02 00:00:00'),(139,'Dacie','Delacroix','ddelacroix3u@dailymail.co.uk','8934661946','2ef976ed0778643be7d198279ecd32571c1209a3','2020-08-05 00:00:00'),(140,'Nikolaus','Crinage','ncrinage3v@mysql.com','8998944050','6b30d8628068b6a70a4f6ede8876bac9ff54fb80','2021-01-06 00:00:00'),(141,'Iormina','Ginie','iginie3w@time.com','8357807554','6be9a306e5fab956664befa7c766d305e2291573','2021-02-14 00:00:00'),(142,'Sheilah','Fronzek','sfronzek3x@webs.com','9146395793','883c7788c0dce232f5e3136ca2ee2b945354e547','2021-05-22 00:00:00'),(143,'Verna','Plessing','vplessing3y@pen.io','9359555671','aa27078891abb720bdeb6a02fd51cd33eb8612d8','2021-05-09 00:00:00'),(144,'Niki','Pletts','npletts3z@google.com.au','1726227594','9e459211a835def83e5f200ed5f148082e935c95','2020-12-22 00:00:00'),(145,'Felicle','O\'Kynsillaghe','fokynsillaghe40@chronoengine.com','5927592033','2c2c1dae1438e0b0248892055851362e92c2b653','2020-11-30 00:00:00'),(146,'Janina','Mehaffey','jmehaffey41@state.tx.us','1267397540','2c45722cb03fbd56577e2ed8272f8f2055908b71','2021-03-20 00:00:00'),(147,'Donielle','Sabate','dsabate42@facebook.com','1204651106','34ba67da595a7e10aba67739fc7220fa01a9e9b9','2020-11-18 00:00:00'),(148,'D\'arcy','Byne','dbyne43@example.com','7565383411','f66ffb215c0f8b948f9964b7776565858dfc9a3e','2021-03-22 00:00:00'),(149,'Tory','Trivett','ttrivett44@vistaprint.com','4233236654','1b41141ee28251ef6219462931895d4472021984','2021-02-01 00:00:00'),(150,'Mela','Hempshall','mhempshall45@cbslocal.com','7749412533','58ae6c0865c6bf08a1d27ca69b5eff422fb38de5','2021-03-26 00:00:00'),(151,'Genna','Ceillier','gceillier46@hexun.com','8475783002','66c1c5f041b8dce6770e8d30b850566b4710c3b9','2021-01-16 00:00:00'),(152,'Joceline','Wakley','jwakley47@tripadvisor.com','8929663270','5552414deca9872b1b4bd80766ed9e504e95b9ba','2021-06-15 00:00:00'),(153,'Jozef','Wayvill','jwayvill48@forbes.com','8806963846','80eaadc23c6c73affc7a8f537597dd7133ea81d8','2021-04-20 00:00:00'),(154,'Kirstyn','Mordey','kmordey49@businessweek.com','5431239598','7c90c0d797f9e9927e25acc4cf728246cf4837b7','2020-09-09 00:00:00'),(155,'Israel','Pietz','ipietz4a@tmall.com','7939903140','4997bf526723f2039bb121de24f501713a366855','2021-03-15 00:00:00'),(156,'Tanhya','Bosson','tbosson4b@diigo.com','1873891117','f24987e5a499a98bed6c27ec90a409495060c8f4','2020-09-13 00:00:00'),(157,'Alica','Rennels','arennels4c@imageshack.us','8932333462','d4711c0440e96884513abdd67d1f2c3b88effda4','2021-05-13 00:00:00'),(158,'Isacco','Sommerscales','isommerscales4d@telegraph.co.uk','5018243913','0d2b3279f7cf0eaf8b16ba957efba5e80c42a034','2020-12-08 00:00:00'),(159,'Dorri','Bayman','dbayman4e@mail.ru','7052165509','77095e59f366fd80afb745695a1cf0b52146650c','2021-05-25 00:00:00'),(160,'Fielding','Coatham','fcoatham4f@upenn.edu','7231531492','2db5bf7dc387d9b0326261d5f7ef6522b1b53513','2020-09-25 00:00:00'),(161,'Livvy','O\'Moylane','lomoylane4g@yahoo.com','2026119942','e4ac96d212012894a5b31b110767ac9218e1d577','2020-11-19 00:00:00'),(162,'Elizabet','McIlmurray','emcilmurray4h@t.co','8899684423','99c4de1076f11c34c46d03846ff1d2c1bef61985','2020-10-13 00:00:00'),(163,'Carmine','Tukely','ctukely4i@narod.ru','2906100201','de443dd19224e782cf9a46c53518eb700af49db2','2021-04-10 00:00:00'),(164,'Darelle','Ravens','dravens4j@hexun.com','9916903728','ca2ee7a6427fdc2b3b8a1f0de86ff58d8462fbca','2021-02-18 00:00:00'),(165,'Lynnett','Dowd','ldowd4k@samsung.com','1183380054','7e3d7ec1f6c5188b803be9d0d8cc019286369304','2020-12-20 00:00:00'),(166,'Ag','Huckstepp','ahuckstepp4l@livejournal.com','5851479303','09f13f089eda0960f98f4a27b53da27bebcf5fb4','2020-08-23 00:00:00'),(167,'Floria','McInerney','fmcinerney4m@census.gov','9242483569','7db7b65572c3559f76a1e151690551ee57cb8007','2021-01-06 00:00:00'),(168,'Martha','Moodycliffe','mmoodycliffe4n@salon.com','2441351385','5ef785ef99368c1f9360e3765a78cc9e9db56028','2021-05-15 00:00:00'),(169,'Ferrell','Buckenhill','fbuckenhill4o@ning.com','6523856272','bc154c1b91f3c2a01b9efebda0907a194061e9eb','2020-10-13 00:00:00'),(170,'Milena','Meddings','mmeddings4p@usatoday.com','3785213990','6af69f8219ac663f1ada869f47344071ea554535','2020-08-23 00:00:00'),(171,'Darius','Rodenburg','drodenburg4q@indiegogo.com','1728535380','03fe5e39a91154aec38a87fb7e683b14520c1386','2020-11-10 00:00:00'),(172,'Alvis','Scrauniage','ascrauniage4r@apple.com','8743320759','9d3fdbc33e6e3f3f7d70338a907106ee52ed92fd','2021-03-29 00:00:00'),(173,'Allyson','Thyng','athyng4s@yandex.ru','1946497244','11bb617b0a72bbc100cd44df588f2663906f839b','2021-04-23 00:00:00'),(174,'Horst','Cattel','hcattel4t@ca.gov','2967378360','e702cdfb132b6d4801245c54d89f421c13e8a155','2021-03-06 00:00:00'),(175,'Norma','Mont','nmont4u@youku.com','5878030040','ade3d2a5f186f9a911d7083b7fb4c82ac5d4bf6f','2020-09-30 00:00:00'),(176,'Ollie','Dabell','odabell4v@simplemachines.org','6607383690','e19d99663ef7d36dc36dd60b80d6794d870daff3','2021-01-27 00:00:00'),(177,'Earl','Armour','earmour4w@cnbc.com','1452726815','5852c86c004d977e9ece38fcba283a64fcd7fb03','2021-03-01 00:00:00'),(178,'Denys','Allderidge','dallderidge4x@jiathis.com','4581110571','2d92c1fc930063ad55df663d6ee221216d84dda8','2020-09-04 00:00:00'),(179,'Terese','Mantione','tmantione4y@hugedomains.com','5055711596','f68f3a5b3465fefbbafd0371239b92f2d133cfe2','2020-10-21 00:00:00'),(180,'Park','Taplow','ptaplow4z@cocolog-nifty.com','3224894871','63d50e827a9ae8b5258412787651f15d483f478c','2020-10-30 00:00:00'),(181,'Randie','McKinlay','rmckinlay50@nifty.com','9407340136','9c517f4fe9275275b7c616fc432e98f73cd9ff8e','2021-02-18 00:00:00'),(182,'Kennie','Kleiser','kkleiser51@house.gov','1248158773','1f13f249a5bf68fd8eb01ffee258abaf3f85c444','2021-02-14 00:00:00'),(183,'Eba','Clemence','eclemence52@lycos.com','1024185299','b86d20849537a519ae2a306e205799e91ecc90fc','2020-12-28 00:00:00'),(184,'Shalom','Kulas','skulas53@taobao.com','9279712670','cea6ec93f557633b952b669b6ae5564c78098aa5','2020-11-21 00:00:00'),(185,'Joshia','Ching','jching54@last.fm','9352625184','5fb19696b9824d4cbee2fc25a7d0166da928391e','2021-04-20 00:00:00'),(186,'Harv','Nosworthy','hnosworthy55@sfgate.com','2965195521','6eddd497d4f53ab625d247918e3f9cee8447a338','2021-03-03 00:00:00'),(187,'Robbi','Keady','rkeady56@sitemeter.com','4317001031','49322bc5dbf3b1a8d209e68c0e15edd83e1d7a9d','2021-02-05 00:00:00'),(188,'Clementina','Harsnep','charsnep57@rambler.ru','5288266997','bf8b3418de1a35731f52505bc12788fb2a43ec10','2021-07-13 00:00:00'),(189,'Oby','McGennis','omcgennis58@dyndns.org','6504579348','b6070d94a463b877b14315139632f44c72437d81','2020-10-11 00:00:00'),(190,'Theo','Elfes','telfes59@squidoo.com','8923263096','d9301ed8ee9c9439f6de6c723e0f6ae6e5df1e58','2021-06-23 00:00:00'),(191,'Leonelle','Ranyell','lranyell5a@mlb.com','8389594618','e07f464780ef923e84b981823a97fdf8423f02ed','2020-10-28 00:00:00'),(192,'Breanne','Bullers','bbullers5b@amazon.de','8374749281','f2e8d94a7fbad93ecb44cf0a8c9d0de2d1f246de','2021-01-05 00:00:00'),(193,'Courtnay','Silmon','csilmon5c@jiathis.com','9635060971','7ac4c935b658429b17c2445882b429c7f627b089','2021-06-19 00:00:00'),(194,'Germain','Dryden','gdryden5d@dailymail.co.uk','2458856390','cc0f7511b02b83937e46ca7e3a10d555adba8dc6','2020-08-13 00:00:00'),(195,'Emmit','Pickover','epickover5e@geocities.com','3191208246','3eb4d7292d761a19bfdf1a213f9234753ee1bb88','2021-05-19 00:00:00'),(196,'Fabio','Levins','flevins5f@hugedomains.com','6641828838','4ca29c13c4626617622b264b5a560f6712f9ddf8','2021-06-25 00:00:00'),(197,'Cirillo','Doornbos','cdoornbos5g@de.vu','7167826460','d018886541c8df638160e245a4c4faefaf29630a','2020-09-01 00:00:00'),(198,'Rufus','Measen','rmeasen5h@skyrock.com','2598676888','1c70641e8ce3d1cc477a46293da57124b8d21095','2021-04-04 00:00:00'),(199,'Jorey','Hanselmann','jhanselmann5i@163.com','5591428629','b37938bb051e838de11e5077334a18bd3b07d2c1','2020-07-29 00:00:00'),(200,'Matthaeus','Sennett','msennett5j@wikimedia.org','1304892380','ee3aa7b3e3c47839e10552e07534d442042162e8','2020-12-07 00:00:00'),(201,'Leeann','Godier','lgodier5k@rediff.com','8786862283','edb55ee616536cff28881b09bd1d070fa2ca70ae','2020-10-18 00:00:00'),(202,'Alyse','Rothman','arothman5l@utexas.edu','1596159687','45472a974fdaa97a9949aedc2eccca920b914622','2020-07-23 00:00:00'),(203,'Alessandro','Boatwright','aboatwright5m@macromedia.com','3171975170','1861ee8928afae308aafb2ae1d9169b952d3de61','2020-12-17 00:00:00'),(204,'Liesa','Marston','lmarston5n@drupal.org','5374461438','ecb3132618f2550775a36524fe01ad1b877edb2a','2021-03-04 00:00:00'),(205,'Herrick','Scawton','hscawton5o@t-online.de','3645446683','ec3935d89e090c1b3e025855ab0cac0e6e5e8771','2021-03-30 00:00:00'),(206,'Moishe','Praton','mpraton5p@skype.com','2718818860','0c4f24d0e68fc027606ecf650a812116ce1453f9','2020-11-11 00:00:00'),(207,'Renaldo','Syder','rsyder5q@symantec.com','9527174121','589735280006bf006a8d80461747f4dd00ba84db','2021-04-15 00:00:00'),(208,'Nil','Murrhaupt','nmurrhaupt5r@reverbnation.com','3798210671','9f7168cdf6c2d156ba9d8438f83eb209ee364c4c','2020-12-16 00:00:00'),(209,'Viola','Hartnup','vhartnup5s@gizmodo.com','4007239824','f9aad2f0a86ba1e5fb02e3ee4dd4ddc0d441e0e4','2021-07-04 00:00:00'),(210,'Marris','Ragat','mragat5t@uiuc.edu','3717380007','972394774b3b4be0bbdc5bb38711d42cbd7f36bb','2020-10-13 00:00:00'),(211,'Livvy','Peye','lpeye5u@nps.gov','6484585280','455b8afcc39abdbf9af4dfd7de967947105ae8f9','2020-08-05 00:00:00'),(212,'Ave','Barsby','abarsby5v@so-net.ne.jp','1786194764','516759e60efe603df88aa40a9950b62f6621112f','2021-03-23 00:00:00'),(213,'Dodi','Lenchenko','dlenchenko5w@addtoany.com','8061905721','0cbf815cc5f7c55b7c5d68f2b753e020d6060a91','2020-07-25 00:00:00'),(214,'Kerk','Meagh','kmeagh5x@who.int','2929059038','05a5fbd4d1881faa2d6c00f78faec56494d09c24','2020-11-26 00:00:00'),(215,'Elnore','Gore','egore5y@apple.com','8808850889','8c0d56534d2694b1356e0badc358946fae4f0fd2','2020-12-14 00:00:00'),(216,'Lorna','Duchenne','lduchenne5z@mozilla.com','1566471555','49460584af4e50bd37474a42cbbfc6ecd88084a5','2020-12-03 00:00:00'),(217,'Weidar','Mabson','wmabson60@ning.com','9382199528','032a53fed509ef4df3461de7ead8500c55977f9a','2021-03-13 00:00:00'),(218,'Cris','Bullock','cbullock61@salon.com','3712521254','ba85c7ed518f0724628d0a35b51b4a1df159e38a','2021-04-14 00:00:00'),(219,'Bebe','Coy','bcoy62@newsvine.com','8508555886','e092dba07b54dd4ddc30ed8d0d3b649cc4e8f212','2020-07-30 00:00:00'),(220,'Winnifred','Febre','wfebre63@xinhuanet.com','1246943449','32b81fb676070ab6218ee61de2898058d0fbcf62','2020-12-16 00:00:00'),(221,'Shaun','Geikie','sgeikie64@hatena.ne.jp','2581025540','450a11decc1d42bf44d071d74c93175c95eded42','2020-12-09 00:00:00'),(222,'Ally','Saphin','asaphin65@tinypic.com','7128513591','0552ba635c7b168387f63206043735956253516c','2021-01-16 00:00:00'),(223,'Alexandro','Steljes','asteljes66@multiply.com','1828155905','5ca9efb1956c81e287526bd3ceebb389f59ecc13','2020-09-19 00:00:00'),(224,'Arluene','Snowden','asnowden67@usatoday.com','1498599346','0d66b3a1e49767dd898daba4b1145710e0647f5c','2021-03-02 00:00:00'),(225,'Marion','McFarlane','mmcfarlane68@thetimes.co.uk','4292114620','1e11191880ea7c55a0214913774f18218e9b7237','2021-01-15 00:00:00'),(226,'Lianna','Capnor','lcapnor69@cornell.edu','1169948249','261e8e5b2fdf5c4346d0cad9c3bfa89762da23d9','2021-06-18 00:00:00'),(227,'Ethelred','Leighfield','eleighfield6a@usa.gov','7648661898','5cfb89dfce59976e8cf084c02e6ed9eb6c682d7a','2021-04-29 00:00:00'),(228,'Maris','Marchington','mmarchington6b@reuters.com','4081086281','4877619e20e35c48e309d96b4a49212afe9c3405','2020-12-04 00:00:00'),(229,'Viki','Casillis','vcasillis6c@addthis.com','7206789252','54a42acffad4c611d390275be0cbe358490de5c2','2021-02-27 00:00:00'),(230,'Sasha','Bricksey','sbricksey6d@wordpress.com','9367860259','04c9118df5c0be1afa7f8c2e284853953eaf7105','2021-04-14 00:00:00'),(231,'Gertie','Torrecilla','gtorrecilla6e@addthis.com','4533355828','769e5fdcb6734cc3aa2bd91989f14e7830030f0a','2021-02-19 00:00:00'),(232,'Harriett','Tilson','htilson6f@yelp.com','1832745978','d52229a780188e6d76b3ceec3b274b893427e859','2020-12-07 00:00:00'),(233,'Tessy','Felgat','tfelgat6g@usatoday.com','8548010194','a07708335fae99229afd47f6a676fddf721fcd93','2021-02-11 00:00:00'),(234,'Tito','Bedenham','tbedenham6h@clickbank.net','1366080357','bc002fc203d2f043b4169bb485cac30a5d0a5f2d','2021-03-15 00:00:00'),(235,'Gussy','Warriner','gwarriner6i@boston.com','5598555593','7f17e464889f6bb7c385a9b614e1173f9f56251a','2020-10-22 00:00:00'),(236,'Carlyle','Redmain','credmain6j@earthlink.net','6877492403','7f834ff6f23ae81cfab9cba6a756a5890c221faa','2020-09-30 00:00:00'),(237,'Nadine','Stanislaw','nstanislaw6k@fema.gov','1544187158','14899eb78556771ed08d40d1ac0ef485bad7e5b8','2021-04-19 00:00:00'),(238,'Leola','Matuszkiewicz','lmatuszkiewicz6l@nymag.com','6052650436','2122f3dc9cbe992fabf001666756dea2dc093a6a','2021-03-06 00:00:00'),(239,'Fields','Willeson','fwilleson6m@gnu.org','8559385547','3cecd49812ae10a2bf6448bdc1fa5946662202d9','2021-04-07 00:00:00'),(240,'Aubry','Algie','aalgie6n@comsenz.com','5573292458','64199ae5ef9e8f6fe772f85470823b48323753d5','2021-06-08 00:00:00'),(241,'Britni','Claus','bclaus6o@chronoengine.com','4342699196','f4859c6817463aab4b43094962a19a93a0aac857','2020-09-22 00:00:00'),(242,'Iorgos','Drage','idrage6p@ucoz.ru','8791719132','8e3632ba44f92b70f8b93124184f238c35a40755','2020-10-08 00:00:00'),(243,'Neal','O\' Reagan','noreagan6q@php.net','2729297555','0e4792f3826827760d3a878b7b3ba665500d740e','2020-12-28 00:00:00'),(244,'Dermot','Songer','dsonger6r@weebly.com','7866623896','4555a8ad33ba00042fa152f71895cde8ae89edc3','2021-05-29 00:00:00'),(245,'Ingunna','Steffan','isteffan6s@mtv.com','9283700302','89514f9049637e9e9a384f1a9a38b762e5e0c118','2021-02-10 00:00:00'),(246,'Bridgette','Pym','bpym6t@fc2.com','2014737597','86acd44d03e025d588ec0eac08fdfe0b8617ed21','2021-02-26 00:00:00'),(247,'Karyl','Gohier','kgohier6u@csmonitor.com','9893451079','3847e587c18fd430209fc9763fd238b432d4e742','2021-05-21 00:00:00'),(248,'Gwennie','Danielut','gdanielut6v@seesaa.net','8436152544','8d1274ead013ea01b9a9d28a424206491c957323','2020-08-16 00:00:00'),(249,'Rae','Mearns','rmearns6w@spiegel.de','7696120113','365f7eade4233911cdfb118525a2180a1a6040ef','2021-06-02 00:00:00'),(250,'Gunter','Igo','gigo6x@sbwire.com','3994150446','886bae8c5f50946cb7d393d3648dafb3c4d53c5f','2021-04-08 00:00:00'),(251,'Dierdre','Nutting','dnutting6y@gnu.org','1135693953','f24aa79dbb4e59436d6874a0a730c95a5798dba2','2021-03-25 00:00:00'),(252,'Cassi','Thurgood','cthurgood6z@cyberchimps.com','2888852324','a29e1deea1d9518cf97d4628fefa62c0c42d539b','2021-06-02 00:00:00'),(253,'Emmalynn','Bauld','ebauld70@psu.edu','5542509361','075d32414986ff2693121f63219f3e962add69ea','2020-12-01 00:00:00'),(254,'Enrique','Franck','efranck71@jugem.jp','4486543494','d45201f6c3c77703ab73b054982009ad0ced0b5d','2021-06-13 00:00:00'),(255,'Mickie','Cockell','mcockell72@digg.com','3588989931','6f960c6c23b8cf503c1c71e236a8b06c38549119','2021-07-11 00:00:00'),(256,'Dennie','Presland','dpresland73@ibm.com','5435871448','d4ec7dd5aba689fa0b821eb53b1a9083b8f20ab5','2021-07-08 00:00:00'),(257,'Morganne','Chippindale','mchippindale74@ibm.com','5694154338','339db3744b93c86de34336d89a98d8f08e2f005e','2021-04-27 00:00:00'),(258,'Ruggiero','Hinemoor','rhinemoor75@merriam-webster.com','6278593253','66585fb8faab2248146c2c1310549740e1bbfea3','2020-10-19 00:00:00'),(259,'Sheela','Olliffe','solliffe76@macromedia.com','1408418512','d2b3ef4574007577a5326d43e65212a496261b48','2020-11-18 00:00:00'),(260,'Ced','Kalewe','ckalewe77@princeton.edu','6699329984','a5578fb80a44e481380e1ddf053c29cdb8572a15','2021-05-29 00:00:00'),(261,'Daria','Shelvey','dshelvey78@marketwatch.com','1515288202','49369679246cb855f03d82ea55b511b18139c7e1','2021-02-24 00:00:00'),(262,'Cora','Balloch','cballoch79@wired.com','8251099045','ad52fcc941b274217a453166848e12d3184fa291','2020-11-22 00:00:00'),(263,'Reinwald','Rosbotham','rrosbotham7a@ca.gov','5054888025','41adef3662ee4a1d68833f0b7db392a2a3ed3335','2020-09-10 00:00:00'),(264,'Tania','Wudeland','twudeland7b@merriam-webster.com','1129218687','3c21b28f7cbfa1ecb467bc41aa7309cc871df445','2021-02-25 00:00:00'),(265,'Harriette','Romera','hromera7c@ucla.edu','7077343425','4ea5e91ee1247780994d1eaa7c5f7461835ae81d','2020-07-15 00:00:00'),(266,'Terry','Kuhle','tkuhle7d@123-reg.co.uk','8724449352','3a723ad56fe1760e10642a30ed1ca8275f75ac1e','2020-10-05 00:00:00'),(267,'Verena','Adriani','vadriani7e@yahoo.com','2603080482','fb01421e69f6f55fc37b701fdc62b6de46821520','2021-05-12 00:00:00'),(268,'Jori','Huchot','jhuchot7f@usa.gov','2893601414','88f06a2d1bcc14471b06eeeae651caa37d980057','2021-04-11 00:00:00'),(269,'Rorie','Adenot','radenot7g@meetup.com','2699625424','882b7e220f7f5ead95291965c45afb763cd5c02e','2021-04-26 00:00:00'),(270,'Kelli','Gerardeaux','kgerardeaux7h@yelp.com','1117530976','e40797888cede4c1b2dc7c65906307019b8fcf48','2020-12-19 00:00:00'),(271,'Panchito','Kliment','pkliment7i@goo.gl','8958859104','c37a03831f2523d376e749a113ad14b03caeacc2','2020-12-15 00:00:00'),(272,'Eydie','Gocke','egocke7j@issuu.com','9395426751','b0a2a0562ea1aedb99f628f0e4543f6cff0142fb','2021-01-28 00:00:00'),(273,'Janka','McGuggy','jmcguggy7k@bbb.org','9516292652','8d8808081b1e9039be84c5759fa6227edd2c8b7a','2021-01-05 00:00:00'),(274,'Walther','Elie','welie7l@who.int','1257863462','5e8e6543b34395649bb556d5ee37ebe11c0cf327','2021-01-18 00:00:00'),(275,'Jilly','Tabb','jtabb7m@unesco.org','1905325529','66ffb2840544759162dc9352077eadd4971dd34b','2020-10-12 00:00:00'),(276,'Shell','Wharlton','swharlton7n@shop-pro.jp','4514482202','4e92d19bfbf83ff5d08bfc53bafcbe26fae791ee','2020-08-22 00:00:00'),(277,'Rockey','Freake','rfreake7o@woothemes.com','4456496803','4ef6bdab63317ac5c9ed1ff2cdef33c615706b19','2021-07-08 00:00:00'),(278,'Erskine','Dummett','edummett7p@buzzfeed.com','4508785443','42216b7836e011e7252f7ee9aeee39a4946d44d1','2021-04-26 00:00:00'),(279,'Marcelle','Overy','movery7q@behance.net','2491661256','7f88f36399ef40578e4a0c47c5f89d8d303682e5','2021-02-16 00:00:00'),(280,'Bruce','Piatti','bpiatti7r@un.org','3537112873','40c3466c92f9930a0df02222f7029fa38560927c','2020-09-27 00:00:00'),(281,'Osborne','Younie','oyounie7s@aol.com','5639544979','ded2bc83cd53da2787211e91b421055efb56f49d','2021-07-06 00:00:00'),(282,'Linette','Latchford','llatchford7t@prlog.org','7466216225','105189e6472242b8b49b5c8c8930f323a569e3ca','2021-07-04 00:00:00'),(283,'Sashenka','Charon','scharon7u@smugmug.com','1135152023','78b0331d3fa64feac9d5d9a0b990ef68c22214dc','2020-11-09 00:00:00'),(284,'Ahmad','Marland','amarland7v@wikispaces.com','7619934332','c23473ff9b08b1a8157f2e299f8493f208ff6891','2020-08-03 00:00:00'),(285,'Antoni','Ranfield','aranfield7w@g.co','8119953714','37e53f9999a73270b5e41f87c9aa50ba739f3725','2020-11-11 00:00:00'),(286,'Carmine','Guilliatt','cguilliatt7x@ibm.com','9465974555','90d788767b30116d5cd03a9b7203476a9d8e0aa3','2020-11-12 00:00:00'),(287,'Sybila','McKeaveney','smckeaveney7y@github.com','1865872859','84c816865d90b064e462b8998c8ec0515d2855f3','2021-01-30 00:00:00'),(288,'Marcelline','Rodie','mrodie7z@tripod.com','2084370570','85a796b9ec61dc9ac34717af328b53d85bde8f67','2021-01-08 00:00:00'),(289,'Hilliard','Alders','halders80@a8.net','7318136441','1e74b627eea81051813409f79d430063af064e18','2021-05-07 00:00:00'),(290,'Rivy','Rubens','rrubens81@sogou.com','5061657356','1f7b871e72d9bf79f2b9f78d88bb7809d6693126','2021-02-19 00:00:00'),(291,'Anthiathia','Kunzel','akunzel82@amazon.co.uk','5405637351','ca770451cf2ee17add3ee7e1a3b14d88bd69e365','2021-05-11 00:00:00'),(292,'Karry','Dominick','kdominick83@yellowbook.com','2229159996','0019c2f3655de03044600b20f199a8718c5efa4c','2021-03-10 00:00:00'),(293,'Efrem','Muirhead','emuirhead84@macromedia.com','2483371405','379c6f5dd2c599538580f7ae41445ccdaf0b8d1f','2021-06-29 00:00:00'),(294,'Evangelina','Cartmel','ecartmel85@opera.com','5395173184','ac1806f30bbe9a9ad4e363401e67bf48f4a9fa02','2020-10-01 00:00:00'),(295,'Codie','Bramer','cbramer86@arstechnica.com','3218143120','1780b341492d604c732cbcb5d0ebfbab02057a37','2021-04-23 00:00:00'),(296,'Andria','Annable','aannable87@amazon.de','8655723828','11ba3a2a5b548ba3e4946482cc1f8b71b3fb6a44','2021-03-25 00:00:00'),(297,'Cassie','Deabill','cdeabill88@jimdo.com','3495146392','cc5867ed06a2268994015e473999560805476826','2021-03-04 00:00:00'),(298,'Giorgi','Pacht','gpacht89@php.net','2977279755','b3c96875e5dfb7c489f1edf7c17bfe2c5a59810e','2020-11-15 00:00:00'),(299,'Garvy','Robertis','grobertis8a@chicagotribune.com','2907604414','311c9ca91f4762089afdb3d134426f178be5886b','2020-09-08 00:00:00'),(300,'Aldric','Frazier','afrazier8b@fastcompany.com','6364044903','18d7d1f56b97fbd2de8debbccec38ea5e61d36e8','2021-07-11 00:00:00'),(301,'Torr','Burriss','tburriss8c@pcworld.com','6902133977','e6b35f1fc758c7fdeb2d7939070f6492efb43f55','2020-07-25 00:00:00'),(302,'Danie','Cosby','dcosby8d@goo.ne.jp','1819100118','621fba2670b1efb183c47edbaf1149c2e29c8718','2021-05-15 00:00:00'),(303,'Rasla','Beckey','rbeckey8e@tiny.cc','9345556951','6aa11b76492e661721d6d479b9d107da8368a477','2020-12-14 00:00:00'),(304,'Agathe','Horsey','ahorsey8f@cbslocal.com','9651639564','b0a3cb2bf192371274c5f027c983a2e0937f8574','2020-10-05 00:00:00'),(305,'Griffith','Gallehock','ggallehock8g@jugem.jp','5111071795','1ff3c983abb8f133f55b498d1f454fed464d35ae','2021-01-31 00:00:00'),(306,'Nicolette','Hearn','nhearn8h@ucoz.ru','5762724241','8ce0a77f9e782bd677db8fc2d0ce54a582f76381','2021-06-12 00:00:00'),(307,'Breanne','Richemont','brichemont8i@aboutads.info','1537739198','01485815a79df4e7e1fcff2785302cb1dc3cd7be','2021-06-17 00:00:00'),(308,'Sheffield','Salvadore','ssalvadore8j@ovh.net','5279209240','e6330a5a7af2c932848076b275fa0d5035e8f0f0','2021-03-28 00:00:00'),(309,'Cullie','Ingham','cingham8k@alibaba.com','3777555000','82670d885c301c0b505af3747bf76167ca0c4960','2021-06-02 00:00:00'),(310,'Adolf','Tacon','atacon8l@php.net','5658111126','f25562d81a5f715e9dbc43843d2f3c3ca40866af','2021-05-30 00:00:00'),(311,'Oralia','Sheasby','osheasby8m@wunderground.com','2566398824','453c02faf00e63fa6825931ad7c5ca02bee1c3c5','2021-05-04 00:00:00'),(312,'Raimund','Bachnic','rbachnic8n@theatlantic.com','2594456898','cbfb6e74a636be4f333b915d08e442cf6f92b767','2021-02-25 00:00:00'),(313,'Cinda','Danzelman','cdanzelman8o@is.gd','9923723985','c277761905a0ba831ab6112a4b87ea9d80255926','2020-12-01 00:00:00'),(314,'Garrott','Gribben','ggribben8p@flavors.me','5864475163','63cc60605dd700ece6fdfc4f8b4401f67e0c0589','2020-08-19 00:00:00'),(315,'Leone','De L\'Isle','ldelisle8q@unc.edu','7598871972','94b32ab99d115349dfa966c2734814a7c062b4b9','2020-08-22 00:00:00'),(316,'Merline','Agge','magge8r@google.co.jp','4143648597','c51c44e7f28e66c50cd5eca2d66ef389a573697d','2021-04-22 00:00:00'),(317,'Quent','Chattey','qchattey8s@nytimes.com','8181711122','bb9b58afeed8a76d065e81cedc5de142c4a35e14','2021-01-14 00:00:00'),(318,'Eolande','Jaine','ejaine8t@baidu.com','9474596117','f0ed7c929a7895b092fc3a9c852d8bd130a6e418','2021-06-12 00:00:00'),(319,'Biron','Bonn','bbonn8u@deliciousdays.com','1288355938','cad9d0f8cce7eb47ba1dedd9653f9ac972055163','2021-01-07 00:00:00'),(320,'Ronny','Stopforth','rstopforth8v@icq.com','3116236127','7b54ae24a0157b09d8aec5087ebbecf0b9399af5','2021-01-05 00:00:00'),(321,'Howie','Haddrill','hhaddrill8w@economist.com','8122671292','5b316d0788f8f0c88b86668f2a66532f70a373eb','2020-08-13 00:00:00'),(322,'Nelle','Ilsley','nilsley8x@smugmug.com','3507165175','c90eea29f2b91154a3ad0dd432a8ae93b6047953','2020-11-16 00:00:00'),(323,'Kristina','Dadge','kdadge8y@icio.us','3857880737','751d150c4c06dd4bfce4884f35ddb2addbedf463','2020-11-05 00:00:00'),(324,'Pancho','Twiggs','ptwiggs8z@psu.edu','6478907495','f5e9fab87cbb0e3119031fbfae2cfd89c5ffef15','2021-03-15 00:00:00'),(325,'Jolyn','Grindley','jgrindley90@xinhuanet.com','9795753750','8cbc340817ccd08401e6545a555ee0c80c3ca033','2021-01-18 00:00:00'),(326,'Carmel','Dimberline','cdimberline91@cmu.edu','4261908949','163161e94b0613db5632ffa3c9699ffb0381e0cb','2021-01-19 00:00:00'),(327,'Averill','Parcell','aparcell92@cnet.com','5325132288','a8ebc503cf383f7002564bff245914858c03c7a9','2021-06-12 00:00:00'),(328,'Diann','Schout','dschout93@hao123.com','8771319324','9453509d8a05eb591a1de276842f995a81fc1215','2021-06-19 00:00:00'),(329,'Randy','Zellmer','rzellmer94@cocolog-nifty.com','5147122012','d52f0089701430e3818ace5b39a3df7a3eefb618','2021-04-09 00:00:00'),(330,'Shawn','Wadesworth','swadesworth95@alibaba.com','7207411671','a8b4239840093cceb08dd4b787c1467769b47ad0','2021-02-18 00:00:00'),(331,'Giuseppe','Bertwistle','gbertwistle96@cisco.com','1905318278','d74b333bef8da528cfe3b674a98cf4d9954a076f','2021-07-04 00:00:00'),(332,'Katya','Jesty','kjesty97@tmall.com','6065313858','dd73fb166c4163643fa79c0439ddddc50ea712f6','2021-05-20 00:00:00'),(333,'Normy','Blockwell','nblockwell98@deviantart.com','2565214075','cef8f9c45a532027286080426c66ce072359145a','2021-04-19 00:00:00'),(334,'Rora','Vivers','rvivers99@nationalgeographic.com','4851744569','4722bac21d80303a0297a07ebee15275bd7708f9','2020-12-30 00:00:00'),(335,'Tera','Phebee','tphebee9a@plala.or.jp','9977742393','53babc69054db8d072f1b91294ed58f8eb01fc7c','2020-08-12 00:00:00'),(336,'Amara','Saunton','asaunton9b@myspace.com','3035679385','44629d9831bd2ff59713f64707f2a41b8ce3dfef','2021-01-07 00:00:00'),(337,'Shelagh','Hallut','shallut9c@sourceforge.net','3184893530','93d647f21d1abb1f5efee9a5cdf21cdbb899e0b5','2020-09-20 00:00:00'),(338,'Lindy','Brundle','lbrundle9d@google.pl','4323033082','41b050d8358c4084c8b28e4b61c4f944c2a2d8e4','2021-06-23 00:00:00'),(339,'Johna','Jays','jjays9e@amazon.co.jp','2988380765','6ae32c417c31106b338b718d0fe27073d81b6ec7','2021-03-27 00:00:00'),(340,'Elspeth','McCuish','emccuish9f@devhub.com','2339866467','1821e7699f2cffc4bf174fba876acaf456b4e2c8','2020-07-24 00:00:00'),(341,'Bobbye','Bridgwood','bbridgwood9g@eventbrite.com','6576126729','192b16c9160e63780efac8569efe56a81ea83e91','2021-04-02 00:00:00'),(342,'Urbain','Androletti','uandroletti9h@apache.org','8359587263','abf795834a4cc61dea544ea7de14e29274782542','2021-03-07 00:00:00'),(343,'Carlynn','Stubbings','cstubbings9i@blogger.com','2992275976','28b3654d6f6138941c057419b503dcecd70ef3a0','2021-01-07 00:00:00'),(344,'Darin','Mabbe','dmabbe9j@ucla.edu','2988740436','ed8e6b3d54dfe5ab68d5dfb53ab784fcd42a9338','2020-08-19 00:00:00'),(345,'Gwenneth','Arnli','garnli9k@clickbank.net','4293874908','e18f5ea9c3fc677166504857e04ac4fc8cf1674f','2021-03-25 00:00:00'),(346,'Fowler','Crisell','fcrisell9l@shutterfly.com','7824106463','a85b82d0a24c1df2b5cf2e89fdc72f48154ac65e','2021-02-15 00:00:00'),(347,'Haley','Mattessen','hmattessen9m@eepurl.com','2631856837','aa2f9e220d8e859363a2e302c209f340c136ef40','2021-03-24 00:00:00'),(348,'Adelle','Tripp','atripp9n@china.com.cn','2096598259','89c1fa4e23827b54b6b2bc2dead3c11e42eadd84','2021-05-12 00:00:00'),(349,'Alfy','Yerson','ayerson9o@ehow.com','9874152424','d3100161c49792006a43f151ae3df92c4a82401a','2021-06-24 00:00:00'),(350,'Emmett','Smail','esmail9p@tinypic.com','5753670622','6422a953666796be72de389ce34611665d2782a0','2020-10-12 00:00:00'),(351,'Henka','Wix','hwix9q@ehow.com','6078145564','583ccfc78f94475d6778a6036487cef806e67c48','2020-07-24 00:00:00'),(352,'Aleta','Frantsev','afrantsev9r@gnu.org','5748785761','febf42bd3f1af8e263b8bc93d9d34214942adadf','2021-05-06 00:00:00'),(353,'Elston','Grishin','egrishin9s@jigsy.com','6942575556','97b0ed7f0c536d26d752c228adb6cb471f6d4559','2021-03-05 00:00:00'),(354,'Engelbert','Hannent','ehannent9t@clickbank.net','3532680162','66c5d64ca97e8813856ce6418a77713c5e37a0b2','2021-04-26 00:00:00'),(355,'Tommie','Cutteridge','tcutteridge9u@washington.edu','4069089568','ca51a2ce8a9dcfbded2a4f5f4540af9250a91bcd','2020-08-14 00:00:00'),(356,'Bay','Gammel','bgammel9v@yellowpages.com','1956176382','d944a012a1c653bf9ddd2f63107bf3d547f2ef77','2020-12-24 00:00:00'),(357,'Garrick','Soars','gsoars9w@icio.us','8538443427','8ea695724ad28f6fe2f061edd982fb9f536785e4','2021-05-26 00:00:00'),(358,'Dorelia','Eliasen','deliasen9x@1688.com','3628486534','d42c99216598f0918b3b410eb92c19866106d709','2020-10-06 00:00:00'),(359,'Mahalia','Francescotti','mfrancescotti9y@phoca.cz','8287913682','a7bb1e525944785a4bd801c6cb0f6e48971be1bf','2020-12-31 00:00:00'),(360,'Fiann','Boyse','fboyse9z@msu.edu','6085449299','a7741b188b583a6efd16fe1c7f9002afbfb98f1e','2020-11-03 00:00:00'),(361,'Rosaline','Dowzell','rdowzella0@shutterfly.com','3934149036','6c08196de7cd2194471ab931d58ff019358a6082','2020-09-22 00:00:00'),(362,'Perrine','Heatlie','pheatliea1@gravatar.com','6803868495','f679d8ba0be944628167203c902e104665233129','2021-06-07 00:00:00'),(363,'Elisha','Teasey','eteaseya2@unicef.org','4965483557','617bb3063d84558cccb61e41fcbb1db95139e147','2020-09-12 00:00:00'),(364,'Ardis','Rentoll','arentolla3@cbc.ca','2472080102','69b8a83ddd368a8cf3967293114c0f9009841ba5','2021-03-29 00:00:00'),(365,'Vanya','Goodall','vgoodalla4@mit.edu','9863621567','7ca2f5329175bfe266b91749f759ecfe4feb46be','2020-11-25 00:00:00'),(366,'Dolley','Leavens','dleavensa5@ibm.com','2092332662','4b77b42f0092971c291a5a98d05cce4b42c356a5','2021-05-12 00:00:00'),(367,'Ali','Shubotham','ashubothama6@sfgate.com','8055850403','3828607fb6d82d97a38206e0868786dd63854610','2020-11-21 00:00:00'),(368,'Jose','Whymark','jwhymarka7@unblog.fr','9239434264','42e8bdb1a5e3cee90bc84498cb9addf635f699b9','2021-03-12 00:00:00'),(369,'Shantee','Shucksmith','sshucksmitha8@howstuffworks.com','7948912009','6adfb3c6bba68b05e337b576592fc4ea46450df6','2021-03-22 00:00:00'),(370,'Grazia','Esposi','gesposia9@godaddy.com','6086421602','2a630d9511c43f6df80e69ab081677c718d6ff05','2021-06-23 00:00:00'),(371,'Tallie','Shivell','tshivellaa@gizmodo.com','4317781557','7f498cb4375ce0f0f67f0b1f515483123d4b916d','2021-03-19 00:00:00'),(372,'Fanechka','Helgass','fhelgassab@patch.com','8677522658','232c3c5aa6d72f76ecb0d5de7ffee6dcee64ca3a','2021-03-26 00:00:00'),(373,'Cecilio','Trinkwon','ctrinkwonac@t-online.de','6457905475','5742d72eaa34eb5624b2c4e1333a772f7537f6ce','2020-08-03 00:00:00'),(374,'Tamra','Slainey','tslaineyad@cnet.com','9405535558','362368da4efb8c8986eeafdf73e2a0a98a1a6de8','2020-09-03 00:00:00'),(375,'Noni','Frith','nfrithae@cocolog-nifty.com','2189640608','3e2ce90546add857971f9d2066cd38bffb820112','2020-08-21 00:00:00'),(376,'Humberto','Wickins','hwickinsaf@usatoday.com','3254066394','f7fff64aa8c521cead6c14900463b06a56bfcbad','2020-09-01 00:00:00'),(377,'Ade','Capeloff','acapeloffag@lycos.com','3506693680','a6f811778d297b3cda2d438e62da4b7c982e7c45','2021-05-20 00:00:00'),(378,'Karil','Lown','klownah@canalblog.com','9487672239','b8dadf20e2254d7effe1993338d50ed94dad763b','2021-03-28 00:00:00'),(379,'Kelley','Baysting','kbaystingai@people.com.cn','7281644847','8477a00f93c042ec761d4917b0ab10e6b70d4f7f','2020-12-24 00:00:00'),(380,'Caroline','McLinden','cmclindenaj@apache.org','1295194668','a23e3de6110e45ff09f747b404a7a91c5bcf88a0','2020-09-03 00:00:00'),(381,'Gabriela','Cureton','gcuretonak@deviantart.com','9552151700','db341e211f3408ca36ce8d0bdbb1a3445c8b713c','2021-03-17 00:00:00'),(382,'Katrina','Admans','kadmansal@globo.com','7244176331','8d925aa224a8a0d57ced03dfc67d301cc836383c','2020-09-22 00:00:00'),(383,'Darby','Bulfield','dbulfieldam@devhub.com','4473160087','4f310a631286a2a8b147a0009bb5419631639b86','2021-07-06 00:00:00'),(384,'Galven','Dannehl','gdannehlan@ftc.gov','3583677576','f08abe148e03d7a92c045bea254e4edd67accb71','2021-02-16 00:00:00'),(385,'Lyndsey','Mays','lmaysao@prnewswire.com','7089050679','be329319e2bd1f60ec49f8eaf3438c34c147e582','2020-09-19 00:00:00'),(386,'Ollie','Cleeve','ocleeveap@google.ca','7656478035','3b02946e98ddcb63f3592c0319a803c472f4b46e','2021-03-20 00:00:00'),(387,'Georgy','Gold','ggoldaq@yahoo.com','4988421427','196c9d71673279a077e364963c894d935873829a','2021-04-12 00:00:00'),(388,'Meara','Son','msonar@hibu.com','2938962956','e8472bd358697e6948f39c784abe4ff61ff7559b','2020-11-15 00:00:00'),(389,'Zedekiah','Matfield','zmatfieldas@dedecms.com','9372682840','4c25fd1e793c860a47cda4bbc87cfb2093474a8d','2020-08-30 00:00:00'),(390,'Arman','Osanne','aosanneat@huffingtonpost.com','7006397816','9e5023009f5186185439271486f1ce1dff05d230','2021-07-02 00:00:00'),(391,'Meryl','Mertin','mmertinau@ca.gov','2419973727','3cd561830046a5da30d6d63c910ff97ba9f18e4c','2020-09-22 00:00:00'),(392,'Tansy','Garstang','tgarstangav@ucla.edu','6933457845','6493d0651a0ac3d08b2f133b208d0d355bcc26dd','2021-06-01 00:00:00'),(393,'Alec','McVity','amcvityaw@com.com','9649953424','bee5f9ff022eaf278ec25b78c45d74af1cb150f0','2021-05-10 00:00:00'),(394,'Maren','Rustman','mrustmanax@theguardian.com','2733701894','6f114be4e72a13433479424e5117f4a0414535db','2021-05-16 00:00:00'),(395,'Loretta','Riquet','lriquetay@vistaprint.com','8952504681','0981c16a1c9eceba8c53269a3191c333f5788298','2021-04-26 00:00:00'),(396,'Erda','Baxill','ebaxillaz@kickstarter.com','1014644875','821a14b30625644c002681ea58f2530cd72da23c','2021-04-28 00:00:00'),(397,'Rhys','Durtnell','rdurtnellb0@who.int','5927519409','72b1a98d60d8fa75baa20f6247ff75002a708ac3','2021-01-05 00:00:00'),(398,'Alicia','De Bernardi','adebernardib1@ft.com','1501226057','2074a8b7b0b11ed9b383edeb8007cf3d4f841b10','2020-11-08 00:00:00'),(399,'Kitty','Tristram','ktristramb2@diigo.com','7746380536','a7a8a58a75117c354cd4abf53208f4cfba8d2b26','2020-10-14 00:00:00'),(400,'Toiboid','Hayesman','thayesmanb3@odnoklassniki.ru','7191520969','751ad55b6f9df0e03a8fe3e6ad1a4e40cf033965','2021-04-27 00:00:00'),(401,'Ciel','Galtone','cgaltoneb4@de.vu','8638170047','a877caba74e0bf1fb6948540ec8e00c42c69839c','2021-01-26 00:00:00'),(402,'Bary','Heintze','bheintzeb5@youtu.be','4724290423','46b39f2e39be764f594d401cfe7b22a78cf72f73','2020-11-21 00:00:00'),(403,'Minni','Verling','mverlingb6@whitehouse.gov','2463681741','04b821a09bf69645e91741cee7029f855dbec217','2021-03-17 00:00:00'),(404,'Giulia','Cello','gcellob7@amazon.co.jp','2259137752','a7ae91d477c2b08c9c8f40a87a1466b4637eaa0b','2020-07-31 00:00:00'),(405,'Arleta','Cozins','acozinsb8@vinaora.com','6091977568','bea43d1cb9786ace8f4217fe2bf86e996b683283','2021-02-26 00:00:00'),(406,'Sigrid','Mertel','smertelb9@php.net','5323062775','ceb9132b7d5ee5de503d41bdc7603b504372bedf','2021-02-12 00:00:00'),(407,'Gaultiero','Kleinhausen','gkleinhausenba@intel.com','9563148084','20ece7e9a75d35cac92a31ea955e0177b04be614','2020-10-13 00:00:00'),(408,'Kelby','Geall','kgeallbb@odnoklassniki.ru','2298447015','813d31f6dc272a9ceb50f9e9faf62bd37dc31153','2021-04-17 00:00:00'),(409,'Francene','Arlidge','farlidgebc@tripadvisor.com','3343195498','47e0c1ad5a4faa30cfbabee3cd45872e7947d4a0','2020-10-20 00:00:00'),(410,'Clemmie','Fenimore','cfenimorebd@yellowpages.com','1482003187','75db76f50c9393cd9275010909ad7d1c7cf1f6be','2021-05-26 00:00:00'),(411,'Pail','Bannard','pbannardbe@ucla.edu','4448015651','202f69274adb4cb2c9280791f0ef553f068daebd','2020-12-03 00:00:00'),(412,'Kelcey','Jinkin','kjinkinbf@about.com','6709917498','c5119d8ca7a46c37169c62c8935b56a12c20ade0','2020-08-01 00:00:00'),(413,'Shelbi','Penella','spenellabg@deliciousdays.com','4277246191','580437c42f098d99110e723b64ad0b05b4cce271','2021-06-08 00:00:00'),(414,'Sherrie','Mitford','smitfordbh@dedecms.com','4694572822','bd5b31256a34405c0292c179f03bf259e7ff9cfa','2020-11-25 00:00:00'),(415,'Madalena','Whittingham','mwhittinghambi@ftc.gov','9449624627','ad95d0d3bed55f26acb7142a445aa0f57487a18c','2020-12-15 00:00:00'),(416,'Brigitta','Dibdall','bdibdallbj@digg.com','2002728135','6908340ef3c969ece80eb4c4193a9820a293a96f','2020-10-18 00:00:00'),(417,'Enos','Dubber','edubberbk@technorati.com','2897590626','906504c72181bd5e5c014765a60c95e02f5772d4','2020-09-03 00:00:00'),(418,'Charlean','Hartegan','charteganbl@furl.net','9772455915','2f50175f2f976ab371b5e420fd37fc2156eb92f7','2020-11-04 00:00:00'),(419,'Wendy','Fitzroy','wfitzroybm@cmu.edu','1598631020','3f47398dad9e936221a84d0b465470f8e04f3f55','2020-08-28 00:00:00'),(420,'Lizette','Pressland','lpresslandbn@jigsy.com','7044877179','557b73e888bc09d409898c32ec11c23862b3d6fa','2020-07-31 00:00:00'),(421,'Loise','Pulbrook','lpulbrookbo@macromedia.com','4798169149','4195883f8748b376bcd79c69205e85b7c8980959','2021-02-04 00:00:00'),(422,'Yalonda','Keward','ykewardbp@addtoany.com','8973866752','a5dc911194931204615ad899700bd49876fc9342','2020-11-18 00:00:00'),(423,'Robbin','Jirzik','rjirzikbq@slashdot.org','5299122020','eb0543b807515b3edc30a4787e0a0ca17afe787c','2020-12-18 00:00:00'),(424,'Annora','Brosetti','abrosettibr@mapquest.com','3535620050','5ed36afc38377b0bbdbc007715120f5d64086578','2020-12-28 00:00:00'),(425,'Silvia','Weinberg','sweinbergbs@youku.com','6544659199','a9b22beb92219f0f89701626e70bb49c47e8e017','2020-08-09 00:00:00'),(426,'Karlik','Roydon','kroydonbt@ucoz.ru','9014662666','d7b849abf36c21d0183b0bb004fda7abcd230749','2021-02-09 00:00:00'),(427,'Alissa','Ensley','aensleybu@imageshack.us','4521822415','9a464c5f02c2c0b5397903d2aebe0ae97ede9626','2021-01-14 00:00:00'),(428,'Sile','Rugg','sruggbv@studiopress.com','7134211872','6fe561a38bace659d4dbeb90bba1a828c627ebe5','2020-09-22 00:00:00'),(429,'Alberto','Flanner','aflannerbw@mapquest.com','1315271731','81fc04c3f22a462c38db29184dc0ded2d7c5f0f2','2020-12-12 00:00:00'),(430,'Bambi','Fathers','bfathersbx@mashable.com','5344961583','5d07b66c5a3b8f3b1e4a3d8dc63c140d544762be','2020-09-28 00:00:00'),(431,'Rosina','O\' Connell','roconnellby@blogspot.com','7662609803','27954239415b1a649ac172532f086998b10fa8a6','2020-12-31 00:00:00'),(432,'Tiffanie','Reedshaw','treedshawbz@state.tx.us','4762244273','88817005f2b48f66e993f563c0957fd675fc1b11','2021-02-23 00:00:00'),(433,'Darlleen','Pirelli','dpirellic0@fema.gov','2244081627','9cc5bb66e18a7a3de54888f4666ef58b12e1acb2','2021-06-24 00:00:00'),(434,'Evelyn','Tesdale','etesdalec1@tinypic.com','9484827972','290cc01be2e22740b0f804162dc5ebd332ada250','2020-09-24 00:00:00'),(435,'Marcile','Renouf','mrenoufc2@vimeo.com','2472201266','3861648d9321a90ac249ef38731c29337372cbf6','2021-05-09 00:00:00'),(436,'Beulah','Prestige','bprestigec3@unicef.org','7876072391','9ba0d8630d83a68000f2cd2dd132bc866c262cb2','2021-07-02 00:00:00'),(437,'Evelyn','Lindborg','elindborgc4@sciencedirect.com','2846285712','929565e47885d6a386194c0cc629f35a95f02bc3','2020-10-03 00:00:00'),(438,'Gerome','Stanton','gstantonc5@redcross.org','4324024108','c93b452510f72b12156b41bd32f9477d2cf4eafc','2020-08-22 00:00:00'),(439,'Charity','Creagh','ccreaghc6@pen.io','9982250676','7a5f5f347b06c6d07c2c8d1134ac2527fcaa844b','2021-04-02 00:00:00'),(440,'Malory','Osmond','mosmondc7@ibm.com','7706104800','09ce70eeddea748812292386e20737ac156b6e8c','2020-11-19 00:00:00'),(441,'Cyndi','Towndrow','ctowndrowc8@time.com','2841199902','6f2a2680065c8393f2cbecf9192644e679c2aacb','2021-03-25 00:00:00'),(442,'Vitoria','Staton','vstatonc9@shareasale.com','5493185866','cad1065adf63233f9c9c07f5706b900126adefee','2020-07-29 00:00:00'),(443,'Ethelda','Gerrelt','egerreltca@quantcast.com','5646601455','98a733464682dfe239f128915cc9cee77d4341f1','2021-03-19 00:00:00'),(444,'Nappie','Harower','nharowercb@vkontakte.ru','7988325024','96bb2c2297b5c46675fb44c6395174bd942d3f39','2020-11-16 00:00:00'),(445,'Everard','Tremaine','etremainecc@examiner.com','2471534961','ebcd80fb62bba7ba1d0fe97b5674e72ed404fa2b','2020-07-28 00:00:00'),(446,'Adriane','Alcide','aalcidecd@lulu.com','5502695011','33c0fb5991483b32b8990692b9fd096a417a285c','2020-08-10 00:00:00'),(447,'Tedra','Gunton','tguntonce@edublogs.org','7545807797','6777128444b170df19c581610b7551a63a40a053','2021-05-08 00:00:00'),(448,'Caz','Scardifeild','cscardifeildcf@qq.com','3538722468','61221ef3b9f1fc73c7f2440adddbcca9b91db921','2020-10-25 00:00:00'),(449,'Johannah','Chell','jchellcg@prweb.com','1852977992','4055fb471dccdcd9c48819cbb7e9c233f11da640','2021-05-04 00:00:00'),(450,'Dan','Gallahar','dgallaharch@imdb.com','6792085727','b90d696fbaf8cb8687d12ebf2e1c5df15087a57c','2021-04-11 00:00:00'),(451,'Uri','Pesterfield','upesterfieldci@slashdot.org','5245462067','b92ed788b31552a7d53f687e0611c1918cd9795a','2020-08-24 00:00:00'),(452,'Max','Jeram','mjeramcj@usa.gov','4392609694','edfe976bea6d482442debe3cb61823daeb3ca5fd','2020-10-27 00:00:00'),(453,'Valaria','Dorro','vdorrock@booking.com','7717686665','c03f74d98336b96a07f357fccef3f3515cf50156','2021-06-17 00:00:00'),(454,'Evania','Bentick','ebentickcl@yahoo.com','1147012578','e6bb1b112815115e646289020507778fe1b0bfe4','2020-10-09 00:00:00'),(455,'Ivy','Mackness','imacknesscm@independent.co.uk','7136720369','eea23e48fd8eaf79ccfb6197b84322b22dedd39d','2020-08-16 00:00:00'),(456,'Darsey','Passmore','dpassmorecn@phoca.cz','4227939004','336e111b490439a7dee170d743e22a85ef22dfbe','2020-10-03 00:00:00'),(457,'Basilio','Latta','blattaco@umn.edu','8755533948','454bfa1b2f52ca3bbda3ef007cc1a01d5aa5fb38','2020-11-18 00:00:00'),(458,'Homer','Dugall','hdugallcp@sina.com.cn','4149486554','37d234ccb41361d4ab2bed14f2e3085b8fcc3f4f','2021-01-18 00:00:00'),(459,'Sallee','Oaks','soakscq@eventbrite.com','2735486793','b995c2ad25e5f2fbc158a2e06a625c12edb4189b','2021-03-03 00:00:00'),(460,'Ulrica','Vamplers','uvamplerscr@live.com','9268889706','4b3cb67a4fd648e3e10925b856622c1a8b05eec8','2020-07-31 00:00:00'),(461,'Deanne','Farmloe','dfarmloecs@51.la','6405902015','c69cdf18ca8e0163be8b38b3bb6c59e490f51041','2020-09-03 00:00:00'),(462,'Orren','McLoney','omcloneyct@cbsnews.com','6736546557','82b5e59b4e533a690aee51df3df8265c837d975f','2020-10-29 00:00:00'),(463,'Norbie','McCuis','nmccuiscu@liveinternet.ru','2111900689','c073004e1578cb37de98e3999840997b0c19ef7a','2021-03-22 00:00:00'),(464,'Nannette','Brinsford','nbrinsfordcv@cornell.edu','7334746178','fe7fd5c6a96e2ae8b4fd303aab582c64bb0ef261','2020-12-04 00:00:00'),(465,'Averil','Caton','acatoncw@elegantthemes.com','3882223351','fdbec083b7c9fb6f00317fbe8bcc46c509495c11','2020-10-20 00:00:00'),(466,'Jaye','Deniske','jdeniskecx@google.com.br','2253569463','8adb68c34da1466e3c1343e15e3cabb50f87d4a2','2020-11-11 00:00:00'),(467,'Crystie','Atyea','catyeacy@webnode.com','4995349089','1c26a4f2d9101f72f53bd55148e9e2606e3f28e0','2021-02-09 00:00:00'),(468,'Kathlin','Paz','kpazcz@java.com','8225928714','625f7b4d40047b245020d4270628615d2e81d15c','2021-04-08 00:00:00'),(469,'Shirlene','Brumfitt','sbrumfittd0@scientificamerican.com','5419891110','56babe7cb5a79b08cadfe573e84d77c8337aa88e','2020-11-06 00:00:00'),(470,'Jerald','Welman','jwelmand1@histats.com','7989300649','aef6f222b8aa7135be4a309591756d4143f374c0','2020-11-07 00:00:00'),(471,'Ashlie','Searchwell','asearchwelld2@163.com','3717999017','8101fa15b377782e7bf46dc10307281f006283a1','2020-10-05 00:00:00'),(472,'Verla','Padefield','vpadefieldd3@creativecommons.org','9281503741','ee3372420cd037d50a0040858a425251c72ce1be','2021-01-19 00:00:00'),(473,'Allie','Slessor','aslessord4@mit.edu','7462785930','dd643db5dc5d056d84c16fc847510c528542b558','2020-09-12 00:00:00'),(474,'Claudina','Vaney','cvaneyd5@vistaprint.com','8614680825','699327d52be3bcd05d73b1da69d5f8252b16afa2','2020-11-05 00:00:00'),(475,'Joya','Chitter','jchitterd6@microsoft.com','3674082921','d5f3e8796f35e347e371cd77a1980d3bd425a1b9','2020-12-14 00:00:00'),(476,'Elroy','Grabeham','egrabehamd7@mozilla.org','9443725147','24739df5b39e82df09944250fc1e92d751ddffef','2021-04-22 00:00:00'),(477,'Karilynn','Fruin','kfruind8@tripod.com','8765583720','b5e1e8ccc8b61e451acac25d2032b685f78bba3d','2021-04-08 00:00:00'),(478,'Claudetta','Goullee','cgoulleed9@imageshack.us','8767937484','36ad0341b7756a639e187da0d52971ceb68ea17d','2021-05-27 00:00:00'),(479,'Cornie','Reeme','creemeda@eventbrite.com','4713796142','f5c02b90a784e54b21bb7e4d4386eade025323f9','2021-05-26 00:00:00'),(480,'Levin','MacCaughey','lmaccaugheydb@spotify.com','3206867488','0c62e5f3fc7c03db2cc97809455d2fd8c221e77d','2021-02-08 00:00:00'),(481,'Stoddard','Jacombs','sjacombsdc@google.fr','4109989722','9925c3bc402260092051653b59cdf0f6507755c2','2020-08-16 00:00:00'),(482,'Mariann','Yarn','myarndd@google.com','4224697036','76bcdabe23469debf36dfac90df089b45c621cd6','2020-12-30 00:00:00'),(483,'Antoine','Fenix','afenixde@plala.or.jp','2721621197','6a15572f36d5bc0e47f0264e119f9682743ed068','2020-10-21 00:00:00'),(484,'Gunner','Zammitt','gzammittdf@dion.ne.jp','4494817581','68bfb1b877cd5ce2292359fb044cf4cb1f4fbbe9','2020-11-18 00:00:00'),(485,'Devonne','Roubottom','droubottomdg@hostgator.com','2418099631','1ebc9bc94db44baaadb32fab935d66bbbb2b5a87','2020-10-20 00:00:00'),(486,'Joy','Gellert','jgellertdh@mlb.com','3716737309','44aeab3a28184abd1547967e9ee37731f12c1d7f','2021-04-25 00:00:00'),(487,'Bart','Lenz','blenzdi@imgur.com','5105206558','1f3a35215272d0e2f7919ab667ceca7ba470f19f','2021-05-12 00:00:00'),(488,'Che','Sharvill','csharvilldj@t-online.de','6438860670','23ee06c2c1326de73eabd41a7b59beb951379b1f','2021-02-19 00:00:00'),(489,'Fritz','Limprecht','flimprechtdk@quantcast.com','4348178957','ddf35e054432f5b0eb1d9d697714b2115aafac45','2020-12-01 00:00:00'),(490,'Huntlee','Ebbens','hebbensdl@booking.com','9195262162','41e082c37fae4bf55ed4399bc1dc1764fcc3ea95','2021-06-20 00:00:00'),(491,'Janeta','Randals','jrandalsdm@instagram.com','5928979040','cdd45065ae68e3c7ef63597eae7e07944f200ae0','2020-11-30 00:00:00'),(492,'Michale','Lillford','mlillforddn@google.co.uk','2133771418','fcc2a03e82f450530b35234cb7ccacb4359d77be','2021-05-20 00:00:00'),(493,'Bellanca','Heenan','bheenando@smugmug.com','2322434063','5afcb62eee2769579f6c7164b8c6f956f52df53d','2020-08-20 00:00:00'),(494,'Bobbe','Sparkwill','bsparkwilldp@bizjournals.com','7308595953','95d34f46338ed9b2589d20e480fac970d1fee4a1','2020-12-17 00:00:00'),(495,'Olenolin','Mayou','omayoudq@foxnews.com','6376656701','bdd5d3add3f6c1840a4b899dba223f908db28fe7','2020-12-05 00:00:00'),(496,'Morie','Ricciardello','mricciardellodr@census.gov','3221082184','7f5156cc8071e34377f8307ef90ede5259fcccc3','2020-09-12 00:00:00'),(497,'Maressa','Pygott','mpygottds@npr.org','8115271507','bfc2a0acc575268f905e6238e03980d4e7b7487e','2020-07-31 00:00:00'),(498,'Averell','Purcer','apurcerdt@wisc.edu','8646058651','42b07ddd6d8455222cf6bb3a50b8060826bdeb22','2021-05-31 00:00:00'),(499,'Vonnie','Colleford','vcolleforddu@nba.com','7636172094','8d1ac2b3e2b9d11056feb3d1a04f8f168e12530a','2021-04-12 00:00:00'),(500,'Tatum','Leveridge','tleveridgedv@fastcompany.com','3795572038','7afe29a778f7fbd368c34c9e6b4c363640b6a590','2021-03-23 00:00:00'),(501,'Frankie','Suthren','fsuthrendw@amazon.de','7673480036','93c3203592554a4fa93afe2aace141651a6f9d20','2021-05-27 00:00:00'),(502,'Robina','Isitt','risittdx@hubpages.com','6651232264','bd00373360b132ddbdf7bdda0f84e5a678c95eeb','2021-01-11 00:00:00'),(503,'Marcile','Dowthwaite','mdowthwaitedy@reddit.com','9889833286','7e83ad7def8429ddd957a9e7945c31115f1057e4','2020-11-08 00:00:00'),(504,'Gerianna','Bardill','gbardilldz@sciencedirect.com','3754578259','3ad9690765a7a7ffdb908209f587c157012ac962','2021-03-29 00:00:00'),(505,'Ginnie','Da Costa','gdacostae0@comcast.net','5272176315','dd9c7950452f1965d6f391b6df12d549f747c7da','2021-05-05 00:00:00'),(506,'Winston','Windridge','wwindridgee1@altervista.org','5005549124','63c585223e341bf5ed714b64154ae5500cf2c9eb','2020-11-11 00:00:00'),(507,'Oren','Yakutin','oyakutine2@blinklist.com','9078428607','a85abbf1b5a569831123e8795b8782b1238718b8','2021-04-19 00:00:00'),(508,'Roxanna','Pensom','rpensome3@usa.gov','1619322890','8f4d9335ff404870fa24677f45d5e749160de63a','2020-08-03 00:00:00'),(509,'Roana','Carr','rcarre4@tmall.com','1468826040','9433e2f6298d8f6fc4aa3b704643acb123e53242','2021-05-23 00:00:00'),(510,'Jany','Challis','jchallise5@go.com','6077730140','90ce77340876412acc4f2912af3e992e21653a1b','2021-06-25 00:00:00'),(511,'Gearard','Rosario','grosarioe6@ca.gov','8594483742','3d1033a82abcd98bafa45bace74316281a76a5ad','2021-07-03 00:00:00'),(512,'Dulcine','Arcase','darcasee7@wufoo.com','1229554031','f4e45fe60380aed08c18b22e82b05731494fc791','2020-08-14 00:00:00'),(513,'Rurik','Lazonby','rlazonbye8@intel.com','8483739682','782543a5476f3ef8949ee3ae6069a3736b66a3b1','2021-04-06 00:00:00'),(514,'Cherise','Everson','ceversone9@shop-pro.jp','9264233084','18af96a1833be12ef7fa2e9b7f07e47c833807d0','2020-09-17 00:00:00'),(515,'Penni','April','paprilea@sbwire.com','9773992869','2679afe8ae51a00410e4a436b3cc9ed53426654c','2020-11-03 00:00:00'),(516,'Cybill','Waby','cwabyeb@boston.com','7781302160','01f59760c7eae339da30088c2f13653ceeda9ce5','2020-12-02 00:00:00'),(517,'Consolata','Pietroni','cpietroniec@msn.com','7053081437','ca61d83cf4190ee21e37695a944e99fa5f6ab53d','2020-08-14 00:00:00'),(518,'Dominga','Peace','dpeaceed@unicef.org','4909912301','b652ef3821c2e5f722e9ae68d0cdf09eab4a4ce4','2020-10-31 00:00:00'),(519,'Vivyanne','Wisby','vwisbyee@hp.com','6475008970','03bea776129afe0d3637c79b5d31bbead653d099','2021-06-17 00:00:00'),(520,'Cooper','Gotcliff','cgotcliffef@bbc.co.uk','7053994485','2ee2c405e9ef5e78066bc8067cf147fa918d981a','2021-02-26 00:00:00'),(521,'Francisco','Vouls','fvoulseg@google.it','4945510953','8a1a16b4a6080805e5c5318d6d6d4dd2889266d4','2021-04-30 00:00:00'),(522,'Torie','Yaldren','tyaldreneh@tinypic.com','1445429397','c0b7e99c501cc9a139d72b207c8f75a5188f3211','2020-12-29 00:00:00'),(523,'Dorisa','Haile','dhaileei@google.com','6883458060','e5a5ade40586c0b41432b9b44f1832ee63655003','2020-10-16 00:00:00'),(524,'Julissa','Jelf','jjelfej@mapy.cz','8645183546','54c6d84600f008e6f7d9a86012005e9a8d2e6fff','2021-05-20 00:00:00'),(525,'Janie','O\'Donnelly','jodonnellyek@wunderground.com','1293060525','22ded1b0421dd879918d5624717d9d02d85851fd','2021-06-17 00:00:00'),(526,'Valerye','Chatwin','vchatwinel@360.cn','9485863905','4515258382342d5508db4d79d88a0a06d73d166b','2021-04-29 00:00:00'),(527,'Candy','Tuffell','ctuffellem@techcrunch.com','5602369162','6fef0d62180ab21644225ac9d70166bd13fa91fd','2020-12-06 00:00:00'),(528,'Heath','Axford','haxforden@merriam-webster.com','6946603772','d959ce71e92a00e280775f306d0d422ac75ff67a','2021-01-24 00:00:00'),(529,'Lenci','Argont','largonteo@netvibes.com','8661814573','670e5e980a65a85f6cbfd84ebc9ae70a21f4f622','2020-09-19 00:00:00'),(530,'Tedmund','Bursnoll','tbursnollep@cafepress.com','4264989476','2a0df123e86d1b24128f723492add324dcf1596f','2021-06-09 00:00:00'),(531,'Nobie','Belsham','nbelshameq@pinterest.com','5677461091','887f111a9ebe3ff57564ac11543b4d709229c0f3','2021-06-24 00:00:00'),(532,'Dell','Fishly','dfishlyer@mtv.com','6962897559','0752f25f1604058c31c70fd1f3ba60fef3511cd6','2020-07-25 00:00:00'),(533,'Jillie','Simnett','jsimnettes@4shared.com','6786374905','32ceb932cb6e68bb0fa37f3d4f13308b5acabc62','2021-06-23 00:00:00'),(534,'Sheena','Alban','salbanet@geocities.jp','3662087075','fab6b44a4991cd63397a2b9e502c1ba8ff7a9fdc','2021-05-07 00:00:00'),(535,'Bartholomeo','Dryburgh','bdryburgheu@tripod.com','4913737579','6f64d0884051c2df94b64f2553fae63226643de5','2021-04-24 00:00:00'),(536,'Bibbie','Cockerton','bcockertonev@rediff.com','7402616620','7cf80231a10e46da8d4db10062a1e2281887215f','2020-08-21 00:00:00'),(537,'Shelby','Aberdeen','saberdeenew@imdb.com','1156552274','cb2b4146ba583bbbd1717857021b11a80b721540','2020-12-09 00:00:00'),(538,'Kory','Spencock','kspencockex@dion.ne.jp','1686635195','7e3902ec068b45f65c9309345cc6e4158c8e802f','2020-09-22 00:00:00'),(539,'Umeko','McIlraith','umcilraithey@biglobe.ne.jp','6357597704','df2794643e0e198ce7bc780d3bd18d874fee322e','2020-08-24 00:00:00'),(540,'Bruce','Gratrex','bgratrexez@hugedomains.com','4151947293','011ef6870314847184e7ba8271464a7943ae841b','2020-08-09 00:00:00'),(541,'Noami','Brimblecombe','nbrimblecombef0@princeton.edu','2391118440','7591c8f57fc688e1e7985eed0ddcf844447e72d8','2021-01-15 00:00:00'),(542,'Torey','Caroline','tcarolinef1@biblegateway.com','1054277729','df529de227c4e783d81acb336321df672ecce27f','2020-10-30 00:00:00'),(543,'Anya','Chaimson','achaimsonf2@altervista.org','4135490641','326febcd3b255593426f3fb6f229843461deafd8','2021-04-05 00:00:00'),(544,'Cob','Tipple','ctipplef3@oakley.com','3447946798','c448fda92df83e3b95e2013d0e0a2e708d80b565','2021-03-20 00:00:00'),(545,'Isabelle','Weal','iwealf4@ebay.co.uk','1625774208','addef05cb12f39eac08225f31dd8ceea784b4049','2020-09-01 00:00:00'),(546,'Veronike','Mallinson','vmallinsonf5@mail.ru','7661364960','d34d2d5cdcace09f4c8ce357f1cec73677f61a19','2020-08-26 00:00:00'),(547,'Thacher','Elgood','telgoodf6@sun.com','3496753338','eda98c894c8b52c1b5398e68e4b12604b4a5aac2','2020-09-10 00:00:00'),(548,'Sabrina','Happs','shappsf7@pagesperso-orange.fr','9042897900','ecdda895f0b2f0e073d9ad01d309bd0a5309d502','2020-12-11 00:00:00'),(549,'Ailey','Brookwood','abrookwoodf8@amazon.co.jp','5904162354','e8eef85e410f6e8f48cdf6c63dd32f4b583953bf','2021-04-25 00:00:00'),(550,'Stace','Elsley','selsleyf9@nhs.uk','3365549864','cd7747cad65818ae78c4c7bd520bf04cf94b50d4','2020-09-22 00:00:00'),(551,'Amii','Reedick','areedickfa@pen.io','7054354201','5346b8311daf4e15dcbc41214c189c8dadebacd4','2021-01-17 00:00:00'),(552,'Candis','Marc','cmarcfb@imageshack.us','9298822026','c030782bc948b9862f76bded8918a486f872b0c6','2020-09-26 00:00:00'),(553,'Roderich','Whapple','rwhapplefc@soundcloud.com','3047446287','33d3dab81444c41fc6f5f5e297f7471a80a5899f','2021-01-09 00:00:00'),(554,'Darin','Gobel','dgobelfd@businessweek.com','8969929272','75616e2ee651f73ce2b6cb9ab7595680408b6a69','2021-03-12 00:00:00'),(555,'Irvine','Markie','imarkiefe@behance.net','8152345399','ba8aec33533995ef270dbe648e59a94612827599','2021-04-03 00:00:00'),(556,'Jeana','Titchmarsh','jtitchmarshff@washingtonpost.com','8107413649','c492ba4cbaba942d632787d2c9b3fbb5edef30b8','2020-12-23 00:00:00'),(557,'Charis','Skamell','cskamellfg@weebly.com','4141838142','7f8da55cc9c7b9d88051fc91e7e66bc7f8b7093d','2021-06-01 00:00:00'),(558,'Marion','Christoffe','mchristoffefh@a8.net','3341335969','a3458dba62d9d4265bd3562a4dcf4eeaf8c55448','2021-07-14 00:00:00'),(559,'Benn','Figgen','bfiggenfi@icio.us','6306070402','d3b9e96cf31c63b3d94da3525a3e00dae02d7b6e','2020-12-09 00:00:00'),(560,'Egon','Clementi','eclementifj@altervista.org','9506096735','bcf8a3320de15ed8bcbe94a14e77bd44e83dccfb','2021-01-20 00:00:00'),(561,'Shaina','Bulbrook','sbulbrookfk@china.com.cn','6156678954','b7538a3d341da4793900b332d5cc57749c18061f','2020-11-15 00:00:00'),(562,'Ileane','Peer','ipeerfl@histats.com','2656026230','5a639c6b19b5abe19c30c8f69ceadd02be6c535f','2021-01-10 00:00:00'),(563,'Parsifal','Mulqueeny','pmulqueenyfm@hexun.com','3416217126','d8f34c5affcf4f2b1cab7c268b03ebd8cb5c41ce','2021-04-12 00:00:00'),(564,'Kerrin','Rozycki','krozyckifn@reverbnation.com','8105382014','374f13d734c658ff1c1fe723ffdea013d2780789','2020-11-27 00:00:00'),(565,'Madlen','Aldersey','malderseyfo@dropbox.com','6103165203','0ae311a4bb4ead18255b08407b96b949febf4b83','2021-05-15 00:00:00'),(566,'Quinlan','Folbige','qfolbigefp@google.co.uk','7188400910','5cea42ea8af1396179bc1da55b3336497934e37a','2020-08-01 00:00:00'),(567,'Hastings','Cowerd','hcowerdfq@wix.com','5942396463','ba8785764c74a84df614615b2b1093c0cfb97c13','2021-01-16 00:00:00'),(568,'Flynn','Pinder','fpinderfr@twitter.com','1722569884','781606c089fd4fb16e4ee6723f69eaa1ece915a6','2020-10-23 00:00:00'),(569,'Lorilee','Ellison','lellisonfs@diigo.com','8444139367','e7db5b5c7d123404ef41a6686ac11074e40c1c65','2020-08-25 00:00:00'),(570,'Ingamar','Frossell','ifrossellft@abc.net.au','2159105638','75d8c5993d35fafeba43bb571e3fb06905861aa9','2020-11-06 00:00:00'),(571,'Lindy','Fielden','lfieldenfu@yandex.ru','1043561751','b35c445c9b0d7da200f144211fd23002d8f637e0','2020-09-13 00:00:00'),(572,'Shari','Skull','sskullfv@latimes.com','9241979664','039c5fa6c49fef673f9bafeefa9cfbbe2b6c3b2d','2021-03-01 00:00:00'),(573,'Guntar','Hethron','ghethronfw@fema.gov','8165873819','6f4ef5a4641b78bb7fb6051bb22d2170076c52b6','2020-08-28 00:00:00'),(574,'Hope','Aish','haishfx@wunderground.com','2992638341','9537b9977418493eb5f75a18f658b1ad6adc483e','2020-08-30 00:00:00'),(575,'Lennie','Cossins','lcossinsfy@paypal.com','1307575889','1dc8a6aa886145644cc0589e91ba7e86720e625f','2020-09-10 00:00:00'),(576,'Blanch','Wickson','bwicksonfz@shareasale.com','7702482377','850167576034b5c3a5528558d3a94199f20960c3','2021-06-26 00:00:00'),(577,'Isak','Kilbee','ikilbeeg0@statcounter.com','5674855870','901029531c03b0c6568b5d73314ba54f4e639fda','2020-12-14 00:00:00'),(578,'Karoline','Faichney','kfaichneyg1@house.gov','9721298439','9eb36eb6a259fabaa92c2259fe539fb6dbf6bea6','2020-08-13 00:00:00'),(579,'Lawrence','Grinnikov','lgrinnikovg2@topsy.com','2461707136','9d9769d468dfc887e4700c76ddc5c661fdc76f27','2021-07-05 00:00:00'),(580,'Marena','Phebee','mphebeeg3@shareasale.com','6406177847','0189d4967060d0a66d0d7b37df573ef6d205aacd','2021-03-25 00:00:00'),(581,'Perle','Petrello','ppetrellog4@gnu.org','9372486506','a23b3ba49634936bcd3000737576850118224461','2020-07-15 00:00:00'),(582,'Ruthy','Raysdale','rraysdaleg5@altervista.org','7775672030','6634261aab1561c2f50ea78e78afdb5b585a569e','2021-04-22 00:00:00'),(583,'Dione','Knifton','dkniftong6@engadget.com','5455950567','de680eef1e5ea49a8511a5fa44ab2a0b6e286d14','2020-12-26 00:00:00'),(584,'Briney','Ottley','bottleyg7@si.edu','3753205483','db72ebeed4af0151aea757bf7ca9d4fe275ab63e','2021-02-05 00:00:00'),(585,'Beverlie','Tudball','btudballg8@furl.net','7352072564','9de45a57894c0e663700f440c046348facacce47','2020-09-21 00:00:00'),(586,'Nikita','Rotham','nrothamg9@ezinearticles.com','4084054382','f94b7f98ba0dcf5b653079efd8f3892b1db2a838','2020-08-04 00:00:00'),(587,'Janeva','Rustadge','jrustadgega@clickbank.net','4057109634','71fa6d72f936ecbee72842061fa515f4749d49e1','2020-12-25 00:00:00'),(588,'Berky','Chatwood','bchatwoodgb@github.com','6757420017','e741cdc3b271c91984de8d21a9484895cb8652ea','2021-02-02 00:00:00'),(589,'Galvan','Hollyland','ghollylandgc@photobucket.com','6179497583','d56a92814ec2028c4a218002fb5c8ddcb604688f','2021-01-07 00:00:00'),(590,'Romola','Burrill','rburrillgd@fda.gov','5818860899','1da6f01d4951950e61c687648ae849ec29b3da2b','2020-08-11 00:00:00'),(591,'Jerrome','Crofthwaite','jcrofthwaitege@yellowbook.com','1263092572','3d68b9f9658bd53b2972db1d6b4547f5a217bb34','2020-12-01 00:00:00'),(592,'Sybille','Ballin','sballingf@xrea.com','9218827945','9d84c5a8e9e25b0b2e3a02ba6ae172579f952e11','2021-01-11 00:00:00'),(593,'Ebeneser','Argrave','eargravegg@sogou.com','5364813827','2e58f64d256c98ab5f087b1347351331d2a1f3ac','2021-03-15 00:00:00'),(594,'Jany','Letts','jlettsgh@who.int','2095743264','c7243df9b06bafa07c9daec26eb01a45d847ef96','2020-08-12 00:00:00'),(595,'Fields','Bent','fbentgi@godaddy.com','6235946940','defd570346f0606b4387ad7d64523e7123b84033','2020-07-26 00:00:00'),(596,'Duane','McIlmorie','dmcilmoriegj@usa.gov','5911983198','083f022159d944d785edec44b036cb6d1f3de79e','2021-03-25 00:00:00'),(597,'Lauralee','Bovingdon','lbovingdongk@google.cn','6647298424','7d2778ae3db8712941a960fd1e3f5f85f528ca3c','2021-05-19 00:00:00'),(598,'Jasun','Guite','jguitegl@apple.com','6105582166','6951e6f105e73d111c8b6d68f4cf71c80a292f50','2020-07-23 00:00:00'),(599,'Yvette','Siddall','ysiddallgm@oaic.gov.au','7721119658','1bfe1a9fa659d339fa39a4d24c62f295348d5da9','2020-09-09 00:00:00'),(600,'Harli','Hutfield','hhutfieldgn@yale.edu','7708393991','ccdb7595c7b4cfbee2e14cce79d837630e9052da','2021-03-26 00:00:00');
/*!40000 ALTER TABLE `users` ENABLE KEYS */;
UNLOCK TABLES;
/*!40103 SET TIME_ZONE=@OLD_TIME_ZONE */;

/*!40101 SET SQL_MODE=@OLD_SQL_MODE */;
/*!40014 SET FOREIGN_KEY_CHECKS=@OLD_FOREIGN_KEY_CHECKS */;
/*!40014 SET UNIQUE_CHECKS=@OLD_UNIQUE_CHECKS */;
/*!40101 SET CHARACTER_SET_CLIENT=@OLD_CHARACTER_SET_CLIENT */;
/*!40101 SET CHARACTER_SET_RESULTS=@OLD_CHARACTER_SET_RESULTS */;
/*!40101 SET COLLATION_CONNECTION=@OLD_COLLATION_CONNECTION */;
/*!40111 SET SQL_NOTES=@OLD_SQL_NOTES */;

-- Dump completed on 2021-07-16 18:05:46
